simp_plot,reservatio,community.x,longitude,latitude,vibifq,carex,dicot,shade,shrub,hydro,svp,fqi,sens_rel,tol_rel,developed.x,ldi,small_tree,subcanopy_dens,subcanopy_dom,subcanopy_iv,canopy_dens,canopy_dom,canopy_iv,monocots,perc_open,slope,aspect,twi,V1,ACFL,ALFL,AMCR,AMGO,AMKE,AMRE,AMRO,AMWO,BADO,BAEA,BANS,BAOR,BARS,BCCH,BEKI,BGGN,BHCO,BHVI,BLJA,BOBO,BRCR,BRTH,BTNW,BWHA,BWWA,CANG,CARW,CEDW,CERW,CHSP,CHSW,CLSW,COGR,COHA,COYE,DEJU,DOWO,EABL,EAKI,EAME,EAPH,EATO,EAWP,EUST,FISP,GBHE,GCFL,GHOW,GRCA,GRHE,HAWO,HERG,HETH,HOFI,HOSP,HOWA,HOWR,INBU,KILL,LOWA,MALL,MODO,NOCA,NOFL,NOPA,NRWS,OROR,OVEN,PIWO,PUFI,PUMA,RBGR,RBGU,RBNU,RBWO,REVI,RHWO,ROPI,RSHA,RTHA,RTHU,RWBL,SAVS,SCTA,SOSP,SWSP,TRES,TUTI,TUVU,VEER,VIRA,WAVI,WBNU,WEVI,WIFL,WITU,WIWR,WODU,WOTH,YBCU,YEWA,YTVI,YTWA,plot_id,id,reservation,community.y,vibi,fqai,deer,year,panel,pcap.id,fragment.id,developed.y,activity.area,closest.developed,sanctioned.trail,bootleg.trail,closest.trail,developed.edge,stream.edge,total.edges,fragment.area,fragment.perimeter,ldi.index.score,area,perimeter,ldi_3k,dist_road
1002,HI,SugarMapleMixedHardwoodForest,0,0,24.3506371,9,30,25,0.021247993,0.031686275,1,19.47062565,0.000313725,0.766065359,175,1.217612466,0.139364303,10,24.05,0.028635047,3210,16740.7914,0.150031756,2,2.795,3.31,289.21,7.48419,0,1,0,1,2,0,2,0,0,0,0,0,0,0,1,0,1,2,0,1,0,0,0,0,0,1,0,0,1,0,0,1,0,0,0,0,0,2,0,0,0,0,3,2,0,0,0,0,0,0,0,0,0,0,0,0,3,0,2,0,0,0,0,3,0,0,0,0,0,0,0,0,0,0,0,0,2,0,0,0,0,0,0,0,0,0,0,0,1,0,0,0,0,1,0,0,0,0,0,2,0,0,1,0,1002_1st,2,Hinckley,Old Clearcut (>25 years),44,18.734994,medium high,2010,Year_1,2,318,175,154,154,14,11,11,23105,0,23105,4185661,12531,1.38,2877403,9218,1.217612466,665.1777426
1003,MS,BeechMixedHardwoodHemlockForest,0,0,52.67227178,4,22,22,0.01824834,0.066770532,1,22.98097039,0.051747162,0.042844425,119,1.066578851,0.04845815,20,232.925,0.02941811,1960,54623.65784,0.1596232,3,2.275,1.05,220.85,13.69536,1,5,0,0,4,0,0,4,0,0,0,0,2,0,2,0,1,2,0,2,0,0,0,0,0,0,0,0,1,0,0,0,0,2,0,0,0,1,0,0,0,0,0,3,0,0,0,1,0,0,0,0,0,0,0,0,0,1,0,0,0,0,0,5,0,0,0,0,0,0,0,0,0,0,0,1,5,0,0,0,0,0,0,0,2,0,0,0,2,0,1,0,0,5,0,0,0,0,0,4,0,0,0,0,1003_1st,3,Mill Stream Run,Beech-maple forest,63,25.93067681,medium high,2010,Year_1,3,1865,119,358,119,NA,NA,NA,4217,0,4217,380278,3205,1.47,116576,1500,1.066578851,219.6163544
1004,BE,RuderalWetMesicShrublandandThicket,0,0,35.10323036,2,21,23,0.337954011,0.558710387,4,15.08659217,0.009159187,0.260426207,290,0.46790699,0.108695652,600,117.78,0.158305771,233.3333333,83230.11769,0.120215467,3,17.59333333,21.68,152.79,8.90443,1,5,0,3,1,0,0,5,0,0,0,0,0,0,6,1,2,3,0,6,0,0,0,0,0,0,1,0,0,0,0,2,0,0,0,0,1,3,0,0,0,0,0,7,0,0,0,1,0,0,0,1,0,0,0,0,0,1,2,0,0,0,0,3,1,0,0,0,0,0,0,0,0,2,0,5,7,0,0,1,0,0,0,0,5,0,0,0,6,0,0,0,0,4,0,0,0,0,0,3,0,0,0,0,1004_1st,4,Bedford,Mesic Floodplain Forest,63,20.17822376,medium high,2010,Year_1,4,3386,290,959,290,54,67,54,10139,8695,18834,1945098,13162,1.78,1238095,9912,0.46790699,431.153882
1005,HI,SugarMapleMixedHardwoodForest,0,0,65.84743318,11,47,52,0.024658659,0.128541811,3,30.5122926,0.088512041,0.196852905,204,1.344624456,0.114361702,220,1226.730333,0.072592648,2640,26135.98303,0.157062019,5,2.925,3.72,280.79,9.91448,0,3,0,2,2,0,0,2,0,0,0,0,1,0,1,0,0,2,0,3,0,0,0,0,0,0,0,0,0,0,0,0,0,0,0,2,0,2,0,1,0,0,1,3,0,0,0,1,0,3,0,0,0,0,0,0,1,0,0,0,0,0,0,3,0,0,0,0,0,1,0,0,1,0,0,3,1,0,0,0,0,1,3,0,1,2,3,0,3,0,0,0,0,3,0,1,0,0,0,2,0,0,0,0,1005_1st,5,Hinckley,"""MIXED"" FORESTS",67,31.38078785,low,2010,Year_1,5,539,204,NA,204,NA,NA,NA,16061,3289,19350,798728,9220,1.12,318239,5394,1.344624456,452.6323353
1006,BW,WetMesicRedMapleForest,0,0,64.74054931,3,21,23,0.112678136,0.254709325,2,26.5822807,0.046004015,0.068771091,300,0.372307001,0.132352941,640,282.7345,0.106442486,580,44187.92985,0.135595968,6,4.225,0.26,320.27,14.27437,0,2,0,1,1,0,0,4,0,0,0,0,1,0,6,0,2,0,0,7,0,0,0,0,0,0,0,0,0,0,0,1,0,1,0,0,0,5,0,0,0,0,0,7,0,0,0,3,0,0,0,3,0,0,0,0,0,0,0,0,0,0,0,5,1,0,0,0,0,4,0,0,4,0,0,6,6,0,0,0,0,0,0,0,6,0,0,0,4,0,2,0,0,3,0,0,0,1,0,6,0,0,0,0,1006_1st,6,Bradley Woods,Oak-Maple swamp,61,24.42632108,very high,2010,Year_1,6,3782,300,1104,300,371,518,371,20787,0,20787,2780009,12429,1.25,1484354,10226,0.372307001,442.5859729
1008,WC,WetMesicRedMapleForest,0,0,25.13573831,4,11,13,0,0.258754528,0,16.84285659,0.051750906,0.286182508,69,3.598810026,0.130841121,12.5,552.25,0.031308694,1075,68325.37987,0.21644765,3,1.625,1.17,311.58,10.8706,0,0,0,1,3,0,0,3,0,0,0,0,0,0,1,0,1,0,0,2,0,0,0,0,0,0,0,0,1,0,0,0,0,2,0,0,0,3,0,0,0,0,0,3,1,0,0,1,0,1,0,0,0,0,1,0,0,3,0,0,0,0,0,2,1,0,0,0,0,0,0,0,0,0,0,2,2,2,0,0,1,0,0,0,0,0,0,0,3,0,0,0,0,2,0,0,0,0,0,0,0,0,2,0,1008_1st,8,West Creek,Mesic Floodplain Forest,36,17.4077656,high,2010,Year_1,8,2875,69,NA,69,1776,48,48,11387,3831,15218,536239,9971,1.61,0,0,3.598810026,178.6884837
1009,HI,BottomlandForest,0,0,35.28322544,5,36,40,0.099387969,0.114944889,0,23.37254505,0.00384946,0.643860752,24,0.785055125,0.119873817,230,157.8183333,0.06922377,450,45808.83823,0.10548722,3,9.1,0.91,356.92,8.54582,0,3,0,2,2,0,0,3,0,0,0,0,1,0,2,0,1,2,0,2,0,0,0,0,0,0,0,0,0,0,2,0,0,0,0,0,0,2,0,0,0,0,1,4,0,0,0,0,0,1,0,0,0,0,0,0,3,0,0,0,0,0,0,4,0,0,0,0,1,0,0,0,0,0,0,2,3,0,0,0,0,1,0,0,1,0,0,0,3,0,3,0,0,2,0,0,0,0,0,2,0,0,0,0,1009_1st,9,Hinckley,Mesic Floodplain Forest,47,22.40448134,medium low,2010,Year_1,9,703,24,200,24,NA,NA,NA,3056,0,3056,109209,1524,1.33,0,0,0.785055125,78.01032193
1011,BE,RuderalWetMesicShrublandandThicket,0,0,14.01093065,6,21,14,0.010460616,0.023174523,0,9.373601591,0.005793631,0.831443966,45,5.712456615,0.162162162,0,0,0,50,18571.66667,0.165156084,1,81.835,7.79,244.19,7.98521,0,0,0,1,2,0,0,3,0,0,0,0,1,0,2,0,0,1,0,2,0,0,0,0,0,0,0,1,1,0,1,0,0,0,0,0,0,3,2,0,0,0,0,2,0,0,0,0,0,2,0,0,0,0,0,2,0,4,0,0,0,0,0,3,0,0,0,0,0,0,0,0,0,0,0,1,0,0,0,0,0,0,0,0,0,2,0,0,2,0,0,0,0,1,0,0,0,0,0,0,0,0,0,0,1011_1st,11,Bedford,Old Field (>10 years),30,10.78253949,medium low,2010,Year_1,11,3409,45,NA,45,26,233,26,9049,0,9049,528551,7985,2.68,0,0,5.712456615,40.7421514
1012,NC,SugarMapleMixedHardwoodForest,0,0,60.9815207,7,28,30,0.349642005,0.600318164,0,25.28571429,0.051050906,0.088796761,70,0.217903679,0.109965636,620,71.8965,0.077257169,1430,32689.29743,0.15060114,7,2.86,3.98,77.59,11.91425,0,1,0,0,2,0,0,2,0,0,0,0,0,0,1,0,0,1,0,2,0,0,0,0,0,0,0,2,0,0,0,0,0,0,0,1,0,1,1,0,0,0,1,3,0,0,0,0,0,0,0,0,0,0,0,0,2,0,0,0,0,0,0,2,0,0,0,0,0,0,0,0,0,0,0,2,3,0,0,0,0,0,0,0,1,1,0,0,2,0,0,0,0,1,0,0,0,0,0,1,0,0,0,0,1012_1st,12,North Chagrin,Sugar maple forest,57,28.14285714,medium high,2010,Year_1,12,16616,70,762,70,174,87,87,5583,1230,6813,1485834,5875,1.67,0,0,0.217903679,131.0645815
1013,BR,BeechMixedHardwoodHemlockForest,0,0,40.41128432,7,15,22,0.047165391,0.100126321,0,20.32931996,0.040688784,0.329698823,1,1.391786904,0.219512195,0,0,0,1500,52720.93399,0.19603745,5,2.86,3.67,270.46,10.88912,0,0,0,1,2,0,0,3,0,0,0,0,0,0,1,0,0,0,0,2,0,0,0,0,0,0,0,0,0,0,0,0,0,0,0,0,0,0,0,0,0,0,0,3,0,0,0,0,0,0,0,0,0,0,0,0,0,1,0,0,0,0,0,0,1,0,0,0,0,0,0,0,0,0,0,2,3,0,0,0,0,0,0,0,0,3,0,0,2,1,0,0,0,1,0,0,0,0,0,0,0,0,0,0,1013_1st,13,Brecksville,Beech-maple forest,54,22.06253738,high,2010,Year_1,13,802,1,NA,1,NA,NA,NA,7537,0,7537,68352,2997,2.76,0,0,1.391786904,104.8130198
1014,MS,RuderalWetMesicShrublandandThicket,0,0,21.40481192,4,24,23,0.039870137,0.157857811,1,12.96498782,0,0.488248363,17,2.890467625,0.071428571,0,0,0,150,9202.5,0.132989148,3,19.89,24.24,259.41,11.47969,0,0,0,0,2,0,0,3,0,0,0,0,0,0,4,0,1,2,0,5,0,0,0,0,0,0,0,2,0,0,0,1,0,2,0,0,0,5,0,0,0,0,1,4,2,0,0,2,0,2,0,0,0,0,0,3,0,3,1,0,0,0,1,4,1,0,0,0,0,0,0,0,0,0,0,5,4,0,0,0,0,0,2,0,0,6,0,0,5,0,0,0,0,5,0,0,0,0,0,2,0,0,0,0,1014_1st,14,Mill Stream Run,Blackberry and Grape Tangle,42,15.75341908,high,2010,Year_1,14,1865,17,556,17,NA,NA,NA,4217,0,4217,380278,3205,1.47,0,0,2.890467625,115.1402474
1015,BE,WetMesicRedMapleForest,0,0,14.12061637,2,13,9,0.035009919,0.079702444,0,12.15920038,0,0.48618491,125,0.517276221,0.285714286,0,0,0,540,61917.1744,0.13964657,2,3.055,0.77,278.24,11.47588,1,1,0,2,1,0,0,5,0,0,0,0,0,0,5,0,0,2,0,6,0,0,0,0,0,0,0,2,0,0,0,1,0,0,0,0,0,2,0,0,0,0,1,4,0,0,0,0,0,0,0,0,0,0,0,0,0,3,1,0,1,0,0,4,0,0,0,0,0,1,0,0,0,0,0,4,5,0,0,2,0,0,0,0,4,0,0,0,7,0,0,0,0,1,0,0,1,0,0,2,0,0,1,0,1015_1st,15,Bedford,Red maple thickets and woodlands,7,10.32795559,very high,2010,Year_1,15,3386,125,1159,125,29,65,29,10139,8695,18834,1945098,13162,1.78,1238095,9912,0.517276221,184.9272189
1016,SC,MesicMeadow,0,0,6.117572885,2,23,11,0,0.016215624,2,8.256749545,0.003459948,0.931850553,156,0.336216607,0.071428571,0,0,0,50,4972.45375,0.214573951,0,99.84,1.64,72.1,13.70976,0,0,0,0,3,0,0,3,0,0,0,1,2,0,2,2,2,2,0,2,0,0,1,0,0,0,0,0,3,0,0,1,0,2,0,3,0,2,1,1,0,0,0,2,1,0,0,1,0,2,0,0,0,0,0,1,0,1,3,2,0,0,3,3,2,0,1,0,0,1,1,0,3,0,0,3,2,0,0,0,0,1,3,0,1,3,0,2,2,0,0,0,3,0,0,3,0,0,0,0,1,2,0,0,1016_1st,16,South Chagrin,Old Field (>10 years),40,16.73625623,medium,2010,Year_1,16,7527,156,403,156,6,23,6,3467,2662,6129,417933,3758,2.39,254288,3259,0.336216607,224.3938794
1017,NC,BeechMixedHardwoodHemlockForest,0,0,34.90380259,1,33,27,0.128194471,0.225168877,0,22.1150508,0.136465986,0.239065663,37,0.52316273,0.157575758,30,13.988,0.044708877,1300,31878.4067,0.172842509,5,6.11,14.96,127.04,7.83352,0,3,0,0,0,0,0,1,0,0,0,0,0,0,2,0,1,1,0,1,0,0,0,0,0,0,0,2,0,0,0,2,0,0,0,0,1,0,0,0,0,0,0,3,0,0,0,0,0,0,0,0,0,0,0,0,1,0,0,0,0,0,0,3,0,0,0,0,0,0,0,0,0,0,0,0,1,0,0,0,0,0,0,0,0,0,0,0,4,0,0,0,0,1,0,0,0,0,0,1,0,0,0,0,1017_1st,17,North Chagrin,Dry Oak forest and Woodland,50,21.91065775,medium,2010,Year_1,17,17124,37,771,37,0,17,0,11010,1830,12839,1917366,8952,1.68,0,0,0.52316273,130.2451743
1018,HI,SugarMapleMixedHardwoodForest,0,0,59.34676043,2,38,39,0.01497189,0.2884961,0,24.99962264,0.035548534,0.410980547,705,0.858956136,0.4,0,0,0,80,48267.92963,0.110851854,5,1.17,1.55,314.62,14.09051,0,6,0,0,0,0,1,2,0,0,0,0,0,0,2,0,5,2,0,7,0,0,0,0,0,0,0,0,1,1,0,1,0,0,0,3,0,3,1,0,0,0,2,6,0,0,0,1,0,0,0,2,0,0,0,0,2,6,5,0,2,0,0,4,0,0,0,0,2,0,0,0,2,0,0,6,5,0,0,0,0,0,0,0,5,4,0,0,2,0,1,0,0,3,0,0,0,0,0,2,0,0,1,4,1018_1st,18,Hinckley,Mesic Floodplain Forest,43,26.94438717,high,2010,Year_1,18,664,705,718,705,500,188,188,12373,3242,15615,2008135,8465,1.7,1218361,7697,0.858956136,490.5233379
1019,MS,WetMesicRedMapleForest,0,0,18.42084649,4,18,16,0.018805535,0.074653526,0,17.70969603,0.036957191,0.455497382,58,1.046011702,0.290322581,10,110.4,0.031443023,830,38548.58244,0.138666564,4,3.055,1.65,344.09,12.76174,0,1,0,2,2,0,0,6,0,0,0,0,1,0,6,0,1,2,0,5,0,0,0,0,0,0,0,0,0,0,2,1,0,3,0,0,0,5,5,0,0,0,2,5,0,0,0,1,0,1,0,0,0,0,0,4,0,5,0,0,0,0,1,5,0,0,0,0,0,0,0,0,0,0,0,3,5,0,0,1,1,0,2,0,0,3,0,1,3,0,0,0,0,7,0,0,0,0,0,1,0,0,0,0,1019_1st,19,Mill Stream Run,Beech-red oak forest,46,19.82481414,high,2010,Year_1,19,828,58,944,58,179,17,17,12861,2764,15624,3645170,10878,1.22,0,0,1.046011702,217.3212868
1021,HI,SugarMapleMixedHardwoodForest,0,0,40.41692028,5,30,31,0.375901508,0.575619149,4,18.16643143,0,0.255587193,65,0.592100795,0.090909091,1150,262.5566667,0.186485753,583.3333333,28370.87248,0.125849886,4,5.135,2.36,83.57,7.3359,0,0,0,2,2,0,0,2,0,0,0,0,0,0,2,0,2,1,0,3,0,0,0,0,0,0,0,0,0,0,0,0,0,0,0,0,0,1,0,0,0,3,0,2,0,0,0,0,0,0,0,0,0,0,0,0,3,0,0,0,0,0,0,3,0,0,0,0,3,1,0,0,0,0,0,1,2,0,0,0,0,0,0,0,0,1,0,0,3,0,0,0,0,1,0,0,0,0,0,1,0,0,0,0,1021_1st,21,Hinckley,Sugar maple forest,50,17.939925,medium,2010,Year_1,21,318,65,87,65,18,54,18,23105,0,23105,4185661,12531,1.38,0,0,0.592100795,232.3804091
1022,RR,WetMesicRedMapleForest,0,0,14.96831929,2,17,13,0,0,0,14.05821231,0.098373506,0.45659416,88,3.161659947,0.127819549,100,2893.375,0.078657171,1533.333333,61001.27669,0.144666211,3,1.495,21.07,351.26,7.68851,0,0,0,0,5,0,0,6,0,0,0,0,3,0,4,1,2,4,0,4,0,0,0,0,0,0,0,0,1,0,0,1,0,3,0,0,0,1,1,0,0,2,1,3,0,0,0,4,0,3,0,1,0,0,0,1,0,1,2,1,0,0,0,4,2,0,0,1,0,1,0,0,0,0,0,5,2,0,0,0,0,0,0,0,1,4,0,0,2,0,0,0,3,2,0,0,0,0,0,1,0,0,0,0,1022_1st,22,Rocky River,"""MIXED"" FORESTS",41,16.90308509,high,2010,Year_1,22,12103,88,71,71,86,6,6,4472,1068,5540,280992,3177,2.86,0,0,3.161659947,153.0581278
1024,BC,BeechMixedHardwoodHemlockForest,0,0,25.91995026,2,26,20,0.007981718,0.022591637,0,20.08046314,0.011295819,0.404333829,25,8.471420331,0.081081081,0,0,0,2400,34760.60044,0.157751973,4,1.105,20.03,225.12,11.52809,0,0,0,0,1,0,0,3,0,0,0,0,1,0,0,1,1,2,0,3,0,0,0,0,0,0,0,0,0,0,0,0,0,1,0,0,0,2,0,0,0,1,0,2,2,0,0,1,0,1,0,0,0,0,0,1,0,1,1,0,0,2,0,2,1,0,0,0,0,0,0,0,0,0,0,2,3,0,0,0,0,0,2,0,0,0,0,0,2,0,0,0,0,2,0,0,0,0,0,0,0,0,0,0,1024_1st,24,Big Creek,Beech-maple forest,54,21.31718139,high,2010,Year_1,24,9863,25,7,7,31,11,11,1699,782,2481,96883,1847,3.96,0,0,8.471420331,91.02137387
1025,BR,OakMixedHardwoodForest,0,0,45.81014304,4,29,33,0.00963409,0.086935942,0,23.57475834,0.071946986,0.3650994,110,0.093556508,0.157894737,30,244.85,0.061016178,1670,31900.25119,0.135580505,7,1.56,3.56,139,9.52726,0,3,0,3,7,0,0,4,0,0,0,0,0,0,3,0,5,0,0,5,0,0,0,0,0,0,0,0,0,0,1,1,0,0,0,0,0,3,1,0,0,1,0,7,0,0,0,0,0,0,0,3,0,0,0,0,1,0,2,0,0,0,0,3,0,0,0,0,0,2,0,0,0,0,0,4,4,0,0,0,0,1,2,0,2,0,0,0,5,0,1,0,0,5,0,0,0,0,0,1,0,0,0,0,1025_1st,25,Brecksville,Dry-Mesic Oak Forest and Woodland,64,30.83050437,high,2010,Year_1,25,758,110,160,110,22,85,22,9445,9766,19211,2708700,9043,1.31,1937830,9532,0.093556508,158.7097456
1026,RR,WetMesicRedMapleForest,0,0,26.74468686,0,20,13,0.032772839,0.206543967,1,14.97108324,0,0.29805726,179,0.596236078,0.195555556,0,0,0,1170,9812.7845,0.137575604,3,11.635,0.41,307.15,13.52676,0,4,0,0,4,0,0,6,0,0,0,0,0,0,6,0,3,3,0,2,0,0,0,0,0,0,0,0,1,0,0,0,0,1,0,0,0,2,0,0,0,0,0,5,0,0,0,2,0,4,0,4,0,0,0,0,1,5,1,0,0,0,0,7,0,0,0,0,0,0,0,0,2,0,0,5,5,0,0,0,0,0,1,0,2,0,0,0,5,1,0,0,0,4,0,0,0,0,0,2,0,0,0,0,1026_1st,26,Rocky River,Planted-Austrian Pine,29,16,very high,2010,Year_1,26,3614,179,94,94,35,30,30,7409,1895,9304,659619,5641,2.43,0,0,0.596236078,453.3291208
1028,NC,WetMesicRedMapleForest,0,0,32.52464032,5,23,24,0.078230108,0.314004067,3,20.39669091,0.00787584,0.428280956,25,0.458614754,0.161616162,110,340.151,0.065173342,1260,37536.56133,0.173718478,3,1.755,0.95,64.85,9.71975,0,3,0,0,2,0,0,3,0,0,0,0,0,0,1,1,3,0,0,1,0,0,0,0,0,0,0,0,0,0,2,1,0,0,2,0,0,1,0,0,0,0,0,3,0,0,0,1,0,0,0,0,0,0,0,0,0,0,0,0,0,0,0,0,0,0,0,0,0,0,0,0,0,0,0,1,3,0,0,0,0,0,0,0,2,0,0,0,2,0,0,0,0,3,0,0,0,0,0,0,0,0,0,0,1028_1st,28,North Chagrin,Beech-maple forest,55,23.19253365,high,2010,Year_1,28,16615,25,NA,25,502,501,501,9324,2678,12002,680474,8158,1.74,0,0,0.458614754,77.85246575
1029,BR,BottomlandForest,0,0,0.859575574,0,10,8,0,0.014721654,0,6.548461876,0,0.975431413,56,1.453189617,0.19047619,0,0,0,25,10431.25,0.102997807,0,38.415,0.93,262.58,11.77893,0,0,0,0,3,0,0,1,0,0,0,1,1,0,0,0,0,0,0,2,0,0,0,0,0,0,0,1,2,0,0,2,0,2,0,3,0,1,0,0,0,0,0,0,0,0,0,0,0,2,0,0,0,0,0,0,0,0,0,0,0,0,1,3,0,0,0,1,0,0,0,0,0,0,0,1,0,0,0,0,1,0,2,0,0,2,2,0,2,0,1,0,1,0,0,1,0,0,1,0,0,3,0,0,1029_1st,29,Brecksville,reed canary grass meadow,27,6.454972244,high,2010,Year_1,29,1209,56,NA,56,NA,NA,NA,8652,2481,11133,591040,5631,1.22,0,0,1.453189617,642.9566986
1030,RR,SugarMapleMixedHardwoodForest,0,0,8.458294283,0,12,9,0,0.095595127,0,8.249579114,0,0.613870665,35,3.430709015,0.342105263,0,0,0,280,80518.98793,0.116451509,1,5.59,6.12,121.78,8.99096,0,0,0,0,0,0,0,6,0,0,0,0,3,0,1,1,0,3,0,6,0,1,0,0,0,0,0,0,0,0,0,0,0,3,0,0,0,2,0,1,0,0,0,4,0,0,0,2,0,0,0,2,0,0,0,0,0,2,0,0,0,0,4,5,3,0,0,0,0,0,0,0,0,0,0,3,3,2,0,0,0,0,5,0,0,3,0,0,3,0,0,0,4,2,0,0,0,0,0,0,0,0,0,0,1030_1st,30,Rocky River,"""MIXED"" FORESTS",24,13.31280471,very high,2010,Year_1,30,6822,35,205,35,NA,NA,NA,9786,0,9786,191263,3565,4.23,0,0,3.430709015,49.09136477
1031,BE,BeechMixedHardwoodHemlockForest,0,0,76.93826672,5,36,41,0.016642965,0.030452889,3,29.55288279,0.515934988,0.113858523,50,0.801622851,0.139130435,40,58.1445,0.033639532,960,25715.83274,0.129648178,7,3.12,15.18,257.84,8.40416,0,3,0,0,0,0,0,2,0,0,0,0,0,0,1,0,1,3,0,1,0,0,0,0,0,0,0,0,0,0,1,1,0,0,0,0,0,1,0,0,0,0,0,3,0,0,0,1,0,0,0,0,0,0,0,0,0,1,2,0,0,0,0,2,0,0,0,0,0,1,0,0,0,0,0,1,3,0,0,0,0,1,0,0,1,0,0,0,3,0,0,0,0,3,0,0,0,0,0,0,0,0,0,0,1031_1st,31,Bedford,"""MIXED"" FORESTS",67,32.60587151,high,2010,Year_1,31,3203,50,57,50,65,246,65,6926,0,6926,650049,5995,1.91,0,0,0.801622851,71.34246869
1033,NC,BeechMixedHardwoodHemlockForest,0,0,87.9129472,1,41,40,0.183665378,0.252515434,3,31.89526128,0.421069224,0.017023512,95,0.257856734,0.031578947,340,55.458,0.071524144,1040,111895.4376,0.186238539,6,2.795,8.98,129.61,6.74347,0,7,0,0,3,0,0,4,0,0,0,0,0,0,6,0,4,1,0,2,0,0,0,0,0,0,0,0,0,0,0,6,0,0,0,0,0,3,0,0,0,1,0,7,0,0,0,3,0,1,0,3,0,0,0,5,3,0,1,0,0,0,0,4,0,0,0,0,0,1,0,0,0,0,0,5,6,0,0,0,0,0,0,0,3,0,0,0,4,0,0,0,0,4,0,0,0,0,0,3,0,0,0,0,1033_1st,33,North Chagrin,Beech-maple forest,66,30.66792688,medium high,2010,Year_1,33,17124,95,16,16,28,12,12,11010,1830,12839,1917366,8952,1.68,0,0,0.257856734,432.3822971
1034,HI,RuderalWetMesicShrublandandThicket,0,0,64.87461233,4,55,59,0.044805912,0.231641995,2,29.63489957,0.017189326,0.341351772,360,0.865047569,0.179104478,250,24.5375,0.080462185,1200,47911.72382,0.0922125,7,3.64,2.03,203.99,9.22352,0,3,0,1,1,0,0,0,0,0,0,0,1,0,2,0,1,2,0,0,0,1,0,0,0,0,0,0,0,0,0,1,0,0,0,1,0,1,0,0,0,0,1,3,0,0,0,2,0,2,0,1,0,0,0,0,2,0,1,0,1,0,0,3,0,0,0,0,0,0,0,0,0,0,0,3,3,0,0,0,0,0,0,0,1,2,0,0,3,0,1,0,0,2,0,0,0,0,0,3,0,0,0,0,1034_1st,34,Hinckley,"""MIXED"" FORESTS",60,30.80750351,medium high,2010,Year_1,34,664,360,1009,360,693,466,466,12373,3242,15615,2008135,8465,1.7,1218361,7697,0.865047569,529.7450771
1035,MS,WetMesicRedMapleForest,0,0,45.55299172,9,23,30,0.014060723,0.08543469,2,22.24859546,0.042717345,0.257665579,21,2.111116933,0.23030303,50,379.3,0.06590964,1400,44502.36383,0.146313308,7,1.17,0.25,311.85,12.15096,0,3,0,0,1,0,0,2,0,0,0,0,0,0,2,0,2,1,0,1,0,0,0,0,0,0,0,0,0,0,0,0,0,1,0,0,0,2,1,0,0,0,0,1,0,0,0,1,0,0,0,1,0,0,0,0,0,1,0,0,0,0,0,2,0,0,0,0,0,0,0,0,0,0,0,2,3,0,0,0,0,0,0,0,0,2,0,0,3,0,0,0,0,1,0,0,0,0,0,2,0,0,0,0,1035_1st,35,Mill Stream Run,"""MIXED"" FORESTS",58,23.71428571,medium,2010,Year_1,35,2672,21,NA,21,NA,NA,NA,7408,0,7408,194527,3961,1.92,0,0,2.111116933,54.36797547
1038,RR,BeechMixedHardwoodHemlockForest,0,0,28.32261302,0,10,11,0.028012512,0.214477212,2,16.97749375,0.107238606,0.085254692,52,6.443191449,0.275,0,0,0,583.3333333,94762.46573,0.222421895,3,0.52,32.96,342.83,5.24058,0,1,0,0,1,0,0,3,0,0,0,0,0,0,2,0,0,1,0,3,0,0,0,0,0,0,0,0,0,0,0,0,0,2,0,0,0,3,0,0,0,0,0,1,0,0,0,0,0,2,0,0,0,0,1,0,0,0,0,0,0,0,0,2,0,0,0,0,0,0,0,0,0,1,0,3,2,0,0,0,2,0,0,0,2,1,0,0,2,0,0,0,0,2,0,0,0,0,0,3,0,0,0,0,1038_1st,38,Rocky River,Beech-maple forest,43,20.13045688,high,2010,Year_1,38,7273,52,NA,52,NA,NA,NA,8989,1284,10273,338893,8005,2.64,0,0,6.443191449,147.124047
1039,MS,BottomlandForest,0,0,56.32445551,6,55,52,0.029149902,0.346897844,4,26.13118271,0.013224112,0.388406862,243,0.380802697,0.068181818,480,884.8723333,0.0924566,730,22497.28957,0.135015716,7,2.34,0.39,38.78,12.31325,0,0,0,0,2,0,0,2,0,0,0,0,2,0,1,0,3,0,0,1,0,0,0,0,0,0,0,1,0,0,0,0,0,0,0,1,0,2,0,0,0,0,0,1,0,0,0,1,0,2,0,0,0,0,0,0,0,3,3,0,0,0,0,2,0,0,0,0,0,2,0,0,0,0,0,2,2,0,0,0,0,0,0,0,0,2,0,0,2,0,0,0,0,1,0,0,0,0,0,1,0,0,0,0,1039_1st,39,Mill Stream Run,Mesic Floodplain Forest,57,22.72351665,medium,2010,Year_1,39,794,243,NA,243,15,72,15,4699,6400,11100,699298,7542,1.25,398418,4957,0.380802697,330.5911618
1040,NC,WetMesicRedMapleForest,0,0,25.59023726,2,18,14,0.023300518,0.713675214,1,13.92621248,0,0.280897436,155,2.563182828,0.324324324,0,0,0,510,84812.66155,0.188928068,1,7.215,2.58,137.29,13.26167,0,0,0,0,2,0,0,2,0,0,0,0,0,0,0,0,0,2,0,2,0,0,0,0,0,0,0,0,0,0,0,0,0,0,0,1,0,0,0,0,0,0,0,2,0,0,0,0,0,1,0,0,0,0,1,1,0,3,2,0,0,0,0,2,2,0,0,0,0,1,0,0,0,0,0,2,3,0,0,0,1,0,1,0,1,2,0,0,2,0,0,0,0,0,0,0,0,0,0,0,0,2,0,0,1040_1st,40,North Chagrin,Maple-Ash-Elm forest,22,16.08589747,medium high,2010,Year_1,40,17067,155,182,155,198,355,198,5155,0,5155,562002,4101,2.21,186041,3041,2.563182828,215.6442542
1041,BR,BeechMixedHardwoodHemlockForest,0,0,52.4095266,4,40,41,0.02340872,0.090835483,7,26.46467056,0.109740712,0.240439113,146,0.189891597,0.041666667,130,235.4383333,0.070200749,2110,23223.47378,0.153186986,4,1.69,18.34,84.01,8.18615,0,6,0,3,5,0,0,5,0,0,0,0,0,0,1,0,2,2,0,5,0,3,0,0,1,0,0,0,0,0,0,1,0,0,0,0,1,3,1,0,0,0,0,6,0,0,0,0,0,0,0,1,0,4,0,0,3,0,0,0,0,0,0,1,1,0,0,0,0,1,0,0,0,0,0,6,5,0,0,0,0,0,0,0,5,0,0,0,3,0,0,0,0,4,0,0,0,0,0,3,1,0,0,0,1041_1st,41,Brecksville,Sugar maple forest,73,28.30692585,medium high,2010,Year_1,41,758,146,140,140,41,64,41,9445,9766,19211,2708700,9043,1.31,1937830,9532,0.189891597,266.1746714
1043,BR,BottomlandForest,0,0,37.94425884,2,18,21,0,0.130355468,0,14.23438257,0.501667883,0.315594704,167,0.887122771,0.230769231,0,0,0,230,167290.5553,0.227224739,0,3.315,2.78,309.75,12.12871,0,0,0,2,1,0,0,3,0,0,0,0,1,0,2,0,2,2,0,1,0,0,0,0,0,0,0,3,1,0,0,0,0,2,0,1,0,1,0,2,0,0,0,1,0,0,0,1,0,2,0,1,0,0,0,0,0,0,2,0,0,0,2,0,0,0,0,0,0,2,0,0,2,0,0,3,2,0,0,0,0,1,0,0,0,3,0,0,3,0,0,0,0,2,0,0,0,0,0,1,0,1,0,0,1043_1st,43,Brecksville,Sycamore Woodland,43,17.55064101,medium low,2010,Year_1,43,1948,167,NA,167,NA,NA,NA,1404,1760,3164,96791,1605,1,67920,1132,0.887122771,469.5674993
1044,NC,SugarMapleMixedHardwoodForest,0,0,11.65338645,0,9,5,0,0.099601594,1,9.25,0,0.601593625,148,0.275213673,0.276190476,0,0,0,740,53766.85292,0.159231962,1,2.015,3.06,314.3,13.70942,0,0,0,1,0,0,0,3,0,0,0,0,0,0,2,0,0,0,0,2,0,0,0,0,0,0,0,2,0,0,0,0,0,0,0,0,1,1,0,0,0,0,0,1,0,0,0,0,0,1,0,0,0,0,0,0,1,2,0,0,0,0,0,3,0,0,0,0,0,0,0,0,1,0,0,1,0,0,0,1,1,0,0,0,0,0,0,0,1,0,0,0,0,1,0,0,0,0,0,3,0,0,0,0,1044_1st,44,North Chagrin,"""MIXED"" FORESTS",41,12.79204298,very high,2010,Year_1,44,16610,148,NA,148,NA,NA,NA,3891,3496,7387,132844,2091,1.17,94210,1388,0.275213673,190.1824889
1045,BR,OakMixedHardwoodForest,0,0,60.67497232,10,43,53,0.014404755,0.042681431,5,27.23657777,0.034534114,0.186179346,279,0.083748225,0.224,80,729.825,0.08074252,920,63158.61316,0.211271342,5,1.17,3.64,3.54,7.02084,0,3,0,0,2,0,0,3,0,0,0,0,0,0,2,0,1,3,0,0,0,2,0,0,0,0,0,2,1,0,0,0,0,0,0,1,0,1,1,0,0,0,1,3,0,0,0,0,0,2,0,1,0,0,0,0,1,4,0,0,0,0,0,3,0,0,0,0,0,1,0,0,0,0,0,3,2,0,0,0,0,1,0,0,3,2,0,0,3,0,0,0,0,2,0,0,0,0,0,1,0,0,2,0,1045_1st,45,Brecksville,"""MIXED"" FORESTS",60,26.70258731,medium,2010,Year_1,45,836,279,NA,279,NA,NA,NA,11366,6687,18053,1996689,8598,1.15,1442707,5815,0.083748225,586.650002
1046,BC,MesicMeadow,0,0,0,0,0,0,0,0,0,0,0,0,0,0,0,0,0,0,0,0,0,0,0,0.23,93.55,11.09126,0,0,0,0,1,0,0,4,0,0,0,0,0,1,2,0,1,0,0,5,0,0,0,0,0,0,1,0,0,0,0,0,0,2,0,6,0,1,0,0,0,0,0,3,0,0,1,2,0,3,0,0,0,0,0,0,0,1,1,0,0,0,0,4,2,0,1,0,0,1,0,0,1,0,0,4,1,0,0,0,0,0,6,0,0,6,6,0,2,0,0,1,0,2,0,2,0,0,0,1,0,3,0,0,1046_1st,46,Big Creek,Mixed emergent marsh,10,6.717514421,high,2010,Year_1,46,3248,105,NA,105,153,228,153,3779,254,4033,223909,3394,1.47,39598,938,7.093210162,144.8253547
1047,BE,WetMesicRedMapleForest,0,0,71.21826953,5,45,48,0.010740298,0.078284942,3,32.17335854,0.126118586,0.098435589,187,0.439549104,0.134883721,220,800.2666667,0.067577668,1560,40433.44011,0.167870816,6,5.525,19.11,284.75,9.52687,0,3,0,0,3,0,0,1,0,0,0,0,0,0,2,0,2,1,0,2,0,0,0,0,0,0,1,0,0,0,0,1,0,0,0,0,0,1,0,0,0,0,0,3,0,0,0,0,0,0,0,0,0,0,0,0,0,0,0,0,0,0,0,0,0,0,0,0,0,1,0,0,0,0,0,2,3,0,0,1,0,0,0,0,2,0,0,0,3,0,0,0,0,3,0,0,0,0,0,0,0,0,0,0,1047_1st,47,Bedford,Beech-maple forest,67,31.80408779,medium,2010,Year_1,47,3139,187,1673,187,56,143,56,3994,4341,8335,633034,7488,1.38,326915,4629,0.439549104,199.4855051
1048,SC,WetMesicRedMapleForest,0,0,37.99465482,4,20,24,0.044225058,0.120664583,3,19.7508288,0.238420841,0.395563256,90,0.49034859,0.061818182,310,84.645,0.04662698,980,73789.00362,0.15659002,5,1.43,5.17,5.6,9.73223,0,1,0,0,1,0,0,4,0,0,0,0,0,0,3,0,0,2,0,2,0,1,0,0,0,0,0,1,0,0,0,0,0,0,0,0,2,3,2,0,0,0,1,3,0,0,0,1,0,2,0,0,0,0,1,0,0,2,1,0,0,0,1,1,1,0,0,0,0,0,0,0,0,0,0,1,3,0,0,0,0,1,0,0,1,1,0,0,2,0,0,0,0,2,0,0,0,0,0,0,0,0,0,0,1048_1st,48,South Chagrin,Beech-maple forest,41,21.60246899,medium high,2010,Year_1,48,10252,90,235,90,64,66,64,2490,1532,4022,123959,2274,1.98,0,0,0.49034859,121.3414182
1050,BW,BeechMixedHardwoodHemlockForest,0,0,48.20274448,5,25,25,0.027052185,0.195877775,4,23.85909492,0.087345056,0.192274431,103,0.702129918,0.150943396,10,110.4,0.029452785,1400,38323.21584,0.155780817,4,5.85,0.91,268.34,13.09426,0,6,0,0,2,0,0,5,0,0,0,0,0,0,3,0,2,3,0,6,0,0,0,0,0,0,0,0,0,0,0,1,0,1,0,0,0,5,0,0,0,0,0,2,0,0,0,2,0,0,0,4,0,0,0,0,0,0,0,0,0,0,0,6,0,0,0,0,0,0,0,0,0,0,0,2,6,0,0,0,0,0,0,0,1,0,0,0,1,0,1,0,0,2,0,0,0,0,0,2,0,0,0,0,1050_1st,50,Bradley Woods,"""MIXED"" FORESTS",58,21.74353352,medium high,2010,Year_1,50,3782,103,420,103,166,187,166,20787,0,20787,2780009,12429,1.25,1484354,10226,0.702129918,159.5702582
1051,MS,BeechMixedHardwoodHemlockForest,0,0,25,0,5,6,0.015061753,0.298804781,0,14,0,0,210,4.559073258,0.107954545,0,0,0,1510,56154.52422,0.183280479,3,2.86,2.54,354.13,10.46275,0,5,0,0,6,0,0,6,0,0,0,0,0,0,1,0,2,3,0,2,0,0,0,0,0,0,0,0,0,0,1,3,0,0,0,0,0,3,0,0,0,0,1,7,0,0,0,2,0,1,0,0,0,0,0,0,0,3,2,0,0,0,0,1,1,0,0,0,0,3,0,0,0,0,0,1,7,0,0,0,1,0,0,0,3,0,0,0,6,0,0,0,0,1,0,0,0,0,0,5,0,1,0,0,1051_1st,51,Mill Stream Run,Beech-maple forest,39,17.19570608,very high,2010,Year_1,51,828,210,234,210,123,15,15,12861,2764,15624,3645170,10878,1.22,2528157,11042,4.559073258,198.3469015
1052,OE,BottomlandForest,0,0,19.84848485,0,7,5,0,0.009090909,0,6.717514421,0,0.231818182,28,9.469549023,0.135338346,0,0,0,1375,235856.6489,0.300077158,0,3.315,10.33,29.25,10.54311,0,0,0,0,0,0,0,6,0,0,0,0,0,1,0,0,4,1,0,1,0,0,0,0,0,0,0,0,1,0,0,1,0,1,0,0,0,1,0,0,0,1,0,0,2,0,0,0,0,3,0,0,0,0,0,1,0,0,0,0,0,1,0,2,0,0,0,1,0,0,0,0,0,1,0,0,1,0,1,0,0,0,2,0,0,3,0,0,0,0,0,0,2,0,0,0,0,0,0,0,0,1,0,0,1052_1st,52,Ohio and Erie Canal,Cottonwood Forest,12,9.797958971,high,2010,Year_1,52,10650,28,NA,28,NA,NA,NA,7175,434,7609,102335,6322,3.8,0,0,9.469549023,51.34920256
1053,HI,SugarMapleMixedHardwoodForest,0,0,75.80826591,2,54,54,0.05026402,0.295427542,1,31.54466341,0.083649534,0.125982139,278,0.766064892,0.28,50,9.815,0.038896426,350,23667.54249,0.108649715,7,4.55,1.1,299.34,13.66003,0,7,0,3,3,0,0,3,0,0,0,0,0,0,3,1,5,1,0,4,0,0,0,0,0,0,0,0,1,0,0,1,0,0,0,5,0,3,0,0,0,0,0,4,0,1,0,3,0,2,0,2,0,0,0,0,4,4,4,0,1,0,0,4,0,0,0,0,1,1,0,0,0,0,0,0,6,0,0,0,0,1,0,0,5,3,0,0,5,0,2,0,0,3,0,0,0,0,0,2,0,0,0,5,1053_1st,53,Hinckley,Mesic Floodplain Forest,49,30.25315411,high,2010,Year_1,53,664,278,327,278,123,25,25,12373,3242,15615,2008135,8465,1.7,1218361,7697,0.766064892,276.6951073
1054,RR,BottomlandForest,0,0,42.02311016,0,25,22,0.002435243,0.34548743,0,18.00735144,0.002997722,0.025540589,98,9.734621552,0.197674419,20,3.926,0.031657602,1260,54220.7142,0.218937306,2,6.695,0.84,12.56,11.12851,0,0,0,0,5,0,0,6,1,1,0,0,5,0,5,0,4,7,0,5,0,0,0,0,0,0,0,2,0,0,0,3,0,0,0,0,0,5,0,0,0,0,0,6,2,0,0,2,0,2,0,2,0,0,6,6,0,3,4,0,0,0,0,4,1,0,0,0,0,0,0,0,1,0,0,4,4,0,0,0,0,1,0,0,0,1,0,0,3,0,0,0,6,5,0,0,0,0,0,3,0,0,0,1,1054_1st,54,Rocky River,"""MIXED"" FORESTS",40,19.69576292,medium,2010,Year_1,54,7815,98,1537,98,70,47,47,7774,6303,14077,942215,11103,1.97,0,0,9.734621552,107.4654793
1055,SC,RuderalWetMesicShrublandandThicket,0,0,4.593604766,1,6,6,0.002974951,0,0,4.472135955,0,0.977156566,6,5.433078714,0.046321526,0,0,0,4450,37559.39125,0.138818696,0,5.135,2.26,292.86,12.12577,0,0,0,0,4,0,0,6,0,0,0,0,1,0,2,0,1,5,0,4,0,0,0,0,0,0,1,1,4,0,0,4,0,4,0,1,0,1,0,0,0,0,0,0,1,0,0,0,0,6,0,0,0,0,3,0,0,4,1,1,0,0,1,6,0,0,0,0,0,0,0,0,0,0,0,1,0,0,0,0,0,0,4,0,0,5,0,0,1,0,0,0,0,0,0,0,0,0,0,0,0,3,0,0,1055_1st,55,South Chagrin,Planted-Austrian Pine,9,12.33925212,medium high,2010,Year_1,55,10090,6,NA,6,NA,NA,NA,5613,36,5649,15739,891,7.29,0,0,5.433078714,54.76528142
1057,BR,SugarMapleMixedHardwoodForest,0,0,39.02280336,1,18,25,0.045995809,0.251269812,4,18.76242445,0.055076189,0.355425005,141,0.19883834,0.380952381,0,0,0,440,28163.07746,0.14124432,5,2.86,9.75,18.57,11.11284,0,3,0,3,1,0,0,0,0,1,0,0,0,0,3,0,2,1,0,3,0,0,0,0,0,0,0,1,0,0,1,0,0,0,0,0,1,0,0,0,0,0,0,3,0,0,1,0,0,0,0,0,0,0,0,0,1,0,0,0,0,0,0,1,0,0,0,0,0,0,0,0,0,0,0,3,3,0,0,0,0,2,0,0,2,0,0,0,2,0,0,0,0,2,0,0,0,0,0,0,1,0,0,0,1057_1st,57,Brecksville,Beech-maple forest,46,21.63594892,medium high,2010,Year_1,57,1044,141,556,141,13,102,13,8257,749,9006,1771071,6580,1.5,867314,4697,0.19883834,263.5986133
1058,RR,BottomlandForest,0,0,26.74846086,1,20,16,0.069938747,0.412142835,0,13.13978105,0,0.250238366,64,6.55355046,0.133333333,210,41.223,0.098003441,1280,94634.41215,0.180708144,2,5.72,2.89,278.49,9.73776,0,3,0,0,2,0,0,1,0,0,0,0,0,0,0,0,0,2,0,3,0,0,0,0,0,0,0,1,1,0,0,1,0,0,0,0,0,0,0,0,0,0,0,1,1,0,0,0,0,0,0,0,0,0,3,0,0,0,0,0,0,0,0,1,0,0,0,0,0,0,0,0,0,0,0,0,1,0,0,0,0,1,0,0,0,0,0,0,1,0,0,0,0,0,0,0,0,0,0,0,0,0,0,0,1058_1st,58,Rocky River,Cottonwood Forest,44,19.67077512,medium,2010,Year_1,58,7815,64,840,64,18,54,18,7774,6303,14077,942215,11103,1.97,0,0,6.55355046,34.44566341
1059,BE,RuderalWetMesicShrublandandThicket,0,0,7.708776871,4,16,8,0.303789133,0.005544221,0,5.208553759,0,0.911292469,63,2.346710826,0,0,0,0,25,276,0.070132161,2,55.055,2.61,265.38,10.99838,0,0,0,2,2,0,0,0,0,0,0,0,1,1,0,0,0,2,0,0,0,0,1,0,0,0,1,0,3,0,0,0,0,2,0,3,0,0,0,0,0,0,0,0,2,3,0,0,0,3,0,0,0,0,0,0,0,0,2,0,0,0,0,3,0,0,1,3,0,0,0,0,1,0,0,2,0,0,0,0,1,0,3,0,0,3,0,0,0,1,0,0,0,0,0,3,0,0,0,1,0,3,0,0,1059_1st,59,Bedford,Dogwood Thickets,26,8.142857143,medium,2010,Year_1,59,2169,63,NA,63,282,19,19,11148,2862,14011,939302,6219,1.65,0,0,2.346710826,130.856734
1060,SC,BeechMixedHardwoodHemlockForest,0,0,75.20217348,2,27,33,0.229172035,0.317710067,5,29.34094927,0.189294684,0.018699507,215,0.306799317,0.074380165,1650,2553.018333,0.1365457,950,71441.54916,0.157614605,8,1.56,17.46,26.19,7.77064,0,2,0,0,1,0,0,0,0,0,0,0,0,0,3,0,1,1,0,1,0,0,0,0,0,0,0,1,0,0,0,0,0,0,0,0,1,3,0,0,0,0,0,2,0,0,0,1,0,0,0,1,0,0,0,0,1,0,0,0,0,0,0,2,0,0,0,0,0,0,0,0,0,0,0,3,3,0,0,0,0,0,0,0,1,0,0,0,3,0,1,0,0,2,0,0,0,0,0,3,0,0,2,0,1060_1st,60,South Chagrin,Beech-maple forest,67,27.64275585,medium high,2010,Year_1,60,9162,215,234,215,34,157,34,10222,0,10222,1149320,7522,1.62,482052,4999,0.306799317,324.4109322
1061,BR,WetMesicRedMapleForest,0,0,44.45124997,7,24,29,0.028501532,0.160279761,1,23.59071298,0.08800816,0.234251299,349,0.088871907,0.145038168,50,232.825,0.04825396,960,31308.36443,0.147034354,6,0.585,5.63,319.1,10.50532,0,3,0,1,5,0,0,7,0,0,0,0,0,0,2,0,1,0,0,5,0,0,0,0,0,0,0,0,0,0,0,1,0,0,0,0,1,0,0,0,0,0,0,4,0,0,0,1,0,0,0,0,0,0,0,0,0,0,0,0,0,0,0,1,0,0,0,0,0,1,0,0,0,0,0,6,7,0,0,0,0,0,0,0,4,0,0,0,5,0,0,0,0,6,0,0,0,0,0,3,0,0,0,0,1061_1st,61,Brecksville,Dry-Mesic Oak Forest and Woodland,57,24.18048081,high,2010,Year_1,61,758,349,358,349,22,271,22,9445,9766,19211,2708700,9043,1.31,1937830,9532,0.088871907,249.8609659
1063,BE,MesicMeadow,0,0,0,0,0,0,0,0,0,0,0,0,0,0,0,0,0,0,0,0,0,0,0,5.26,124.44,13.82176,0,0,0,1,6,0,0,7,0,0,0,0,1,3,3,0,0,5,0,4,0,0,0,0,0,0,0,0,2,0,6,0,0,2,0,1,0,3,2,2,0,0,0,1,5,0,0,0,0,2,0,0,0,0,2,5,0,6,0,1,0,0,4,3,3,0,0,2,0,0,1,0,1,2,0,1,1,0,0,0,0,0,7,0,0,7,0,3,2,0,0,0,2,4,0,0,0,0,0,0,0,1,0,0,1063_1st,63,Bedford,Young Field (<5 years),7,4.4,,2010,Year_1,63,2936,260,0,0,393,475,393,8175,241,8416,958260,4891,6.12,0,0,2.607322518,401.6686668
1064,SC,OakMixedHardwoodForest,0,0,48.76148811,3,14,15,0.022886024,0.12973534,2,20.19996192,0.233523612,0.00778412,89,0.378132119,0.082901554,40,112.363,0.031315935,1460,54092.39087,0.162200143,5,2.275,6.82,355.35,9.41768,0,4,0,4,5,0,0,4,0,1,0,0,0,0,7,0,2,1,0,7,0,1,0,0,0,0,1,0,1,0,0,1,0,0,0,0,2,4,0,0,0,0,0,2,0,0,0,4,0,0,0,1,0,0,0,0,4,1,0,0,0,0,1,2,2,0,0,0,0,1,0,0,1,0,0,6,6,0,0,1,0,0,1,0,4,1,0,0,5,0,0,0,0,6,0,0,0,0,0,3,0,0,0,0,1064_1st,64,South Chagrin,Beech-red oak forest,54,22.70911059,very high,2010,Year_1,64,10063,89,NA,89,81,173,81,12255,0,12255,371460,4714,2,0,0,0.378132119,175.9194461
1065,NC,RuderalWetMesicShrublandandThicket,0,0,26.44600662,6,41,25,0.026524044,0.194026232,3,19.39896904,0.002204343,0.808736544,49,0.29020143,0.056547619,0,0,0,910,8243.206143,0.117792867,3,35.685,2.68,55.94,11.58248,0,1,0,0,1,0,0,3,0,0,0,0,0,0,2,0,1,1,0,2,0,0,0,0,0,0,0,2,0,0,2,1,0,0,0,0,0,2,0,0,0,0,1,2,0,0,0,1,0,0,0,0,0,0,1,0,1,0,3,0,0,0,0,2,1,0,0,0,0,0,0,0,0,0,0,0,2,0,0,0,0,0,0,0,1,2,0,0,3,0,0,0,0,1,0,0,0,0,0,1,0,0,0,0,1065_1st,65,North Chagrin,Green ash swamp,33,15.80895559,medium high,2010,Year_1,65,17072,49,38,38,84,121,84,3845,1830,5674,584325,4305,1.46,0,0,0.29020143,130.3024009
1066,HI,SugarMapleMixedHardwoodForest,0,0,68.88863543,4,29,31,0.084167927,0.098776909,3,27.95510338,0.178757154,0.10493594,595,0.290752064,0.140625,120,65.9965,0.043472371,940,62563.85712,0.226043094,5,3.445,5.56,71.64,8.86028,0,3,0,2,2,0,3,0,0,0,0,0,0,0,2,0,3,2,0,1,0,1,0,0,0,0,0,0,0,0,0,2,0,0,0,0,0,2,0,0,0,0,0,3,0,0,0,1,0,0,0,1,0,0,0,0,2,0,0,0,0,0,0,0,0,0,0,0,0,1,0,0,0,0,0,2,3,0,0,0,0,1,0,0,2,0,0,0,2,0,1,0,0,3,0,0,0,0,0,3,0,0,1,0,1066_1st,66,Hinckley,Sugar maple forest,57,31.00680929,medium,2010,Year_1,66,318,595,724,595,38,57,38,23105,0,23105,4185661,12531,1.38,2877403,9218,0.290752064,1130.678082
1067,MS,WetMesicRedMapleForest,0,0,28.81590473,2,19,18,0.094015522,0.402602373,0,17.82675246,0,0.213930348,82,1.118754258,0.054347826,370,221.693,0.078058816,310,73050.14041,0.140872585,3,2.73,0.02,133.15,11.65729,0,2,0,0,2,0,0,5,0,0,0,0,1,0,4,0,0,2,0,5,0,0,0,0,0,0,0,0,0,0,0,2,0,0,0,0,0,5,0,0,0,0,0,7,0,0,0,1,0,0,0,2,0,0,0,0,0,0,0,0,0,0,0,4,0,0,0,0,1,0,0,0,2,0,0,1,7,0,0,0,0,0,0,0,6,1,0,0,2,0,0,0,0,2,0,0,0,0,0,6,0,0,0,0,1067_1st,67,Mill Stream Run,"""MIXED"" FORESTS",40,17.09818195,high,2010,Year_1,67,1912,82,NA,82,49,23,23,4635,974,5609,362906,4689,1.31,0,0,1.118754258,148.6826298
1068,BE,BeechMixedHardwoodHemlockForest,0,0,77.52964861,6,51,53,0.026499518,0.163033599,5,30.13768405,0.394362133,0.108948743,290,6.101157084,0.24137931,40,7.852,0.050776356,420,36052.57019,0.132318965,5,22.815,1.67,46,8.57686,0,8,0,1,1,0,0,4,0,0,0,0,0,0,2,0,2,3,0,3,0,0,0,0,0,0,0,0,1,0,0,0,0,0,0,0,0,2,0,0,0,2,0,2,0,0,0,2,0,0,0,1,0,0,0,0,1,0,0,0,2,1,0,2,0,0,0,0,0,0,0,0,0,0,0,1,4,0,0,0,0,0,0,0,2,0,0,0,4,0,0,0,0,1,0,0,0,0,0,0,0,0,0,0,1068_1st,68,Bedford,"""MIXED"" FORESTS",66,32.15164959,medium high,2010,Year_1,68,3072,290,196,196,40,5,5,6617,4929,11546,965735,8324,1.24,458541,4240,6.101157084,321.7542407
1069,HI,SugarMapleMixedHardwoodForest,0,0,51.51285762,5,41,32,0.047573501,0.310688341,1,22.58470645,0.1064645,0.298294729,11,0.674343543,0.152777778,240,2887.289,0.172589893,280,32296.47422,0.103343897,3,45.435,4.15,182.42,7.75522,0,0,0,3,2,0,0,3,0,0,0,0,1,1,1,1,0,3,0,2,0,0,0,0,0,0,0,0,1,0,3,2,0,2,0,1,0,1,0,0,0,0,3,3,1,0,0,0,0,1,0,0,0,0,1,0,0,3,1,1,0,0,2,3,1,0,0,0,0,0,0,0,2,0,0,3,2,0,0,0,0,0,3,0,0,3,0,1,1,0,1,0,0,1,3,0,0,0,1,2,1,2,0,0,1069_1st,69,Hinckley,Mesic Floodplain Forest,67,25.25,medium,2010,Year_1,69,517,11,NA,11,NA,NA,NA,11862,5584,17446,1444312,11430,1.1,0,0,0.674343543,46.85846719
1070,BW,WetMesicRedMapleForest,0,0,55.28784698,2,20,20,0.268922623,0.55777043,5,23.33452378,0.08502598,0.030420406,206,0.440455158,0.132911392,480,318.2045,0.078583203,680,67598.79074,0.135921849,4,3.9,0.38,356.02,14.31345,0,1,0,0,2,0,0,0,0,0,0,0,0,0,1,0,0,0,0,3,0,0,0,0,0,0,0,1,0,0,0,0,0,0,0,0,0,2,0,0,0,0,0,3,0,0,0,1,0,0,0,0,0,0,0,0,0,0,0,0,0,0,0,1,0,0,0,0,0,0,0,0,0,0,0,3,3,0,0,0,0,0,0,0,1,0,0,0,3,0,0,0,0,0,0,0,0,0,0,1,0,0,0,0,1070_1st,70,Bradley Woods,"""MIXED"" FORESTS",64,25.21096175,medium high,2010,Year_1,70,9822,206,NA,206,504,330,330,9409,0,9409,929300,6451,1.4,415982,3069,0.440455158,339.2161048
1071,MS,BottomlandForest,0,0,31.07312806,3,28,24,0.04592818,0.157366993,1,18.57708557,0.026542409,0.381148991,79,3.045624633,0.148148148,40,14.9695,0.04661967,260,21983.23249,0.081235643,1,8.32,0.4,127.98,12.17002,0,1,0,2,2,0,0,6,0,0,0,0,2,0,3,0,2,2,0,4,0,0,0,0,0,0,0,1,1,0,0,2,0,0,0,0,0,3,0,0,0,2,0,1,0,0,0,2,0,2,0,0,0,0,0,0,4,7,3,0,0,0,0,6,0,0,0,0,0,0,0,0,2,0,0,2,5,0,0,1,0,0,0,0,0,2,0,0,5,2,0,0,0,2,0,0,0,0,0,0,0,0,1,1,1071_1st,71,Mill Stream Run,Mesic Floodplain Forest,47,18,medium high,2010,Year_1,71,1154,79,NA,79,49,374,49,3086,0,3086,126174,2257,1.89,0,0,3.045624633,98.30901755
1072,WC,WetMesicRedMapleForest,0,0,18.81203235,5,17,16,0.008797321,0.383464465,0,11.4922334,0.000309558,0.390790662,18,2.519946966,0.340425532,0,0,0,740,154453.3765,0.36662902,4,2.535,3.94,116.14,11.12533,0,0,0,0,6,0,0,6,0,0,0,0,1,0,2,0,0,6,0,5,0,0,0,0,0,0,0,0,2,0,1,0,0,3,0,0,0,4,0,0,0,0,0,2,0,1,0,0,0,1,0,0,0,0,3,6,0,2,0,1,0,0,2,1,2,0,0,0,0,0,0,0,2,0,0,2,2,0,0,0,0,0,3,0,0,3,0,0,2,0,0,0,0,0,0,0,0,0,0,0,0,0,0,0,1072_1st,72,West Creek,Red maple thickets and woodlands,10,13.59779394,very high,2010,Year_1,72,5174,18,55,18,NA,NA,NA,1771,0,1771,50594,1340,2.92,0,0,2.519946966,65.42197544
1073,HI,RuderalWetMesicShrublandandThicket,0,0,7.35190248,6,35,16,0.227282592,0.008101442,0,15.74853623,0,0.884908725,107,0.818038101,0.030470914,0,0,0,4150,8140.738125,0.10719731,2,3.12,26.46,225.08,7.48724,0,5,0,5,2,0,0,3,0,0,0,0,0,4,3,0,1,0,0,5,0,0,0,0,0,0,0,2,2,0,0,1,0,0,0,1,0,2,0,0,0,2,1,5,0,2,0,1,0,0,0,0,0,0,2,5,5,0,2,0,1,0,1,1,3,0,0,0,0,0,0,0,0,0,0,3,3,0,0,1,0,0,1,0,1,3,0,0,4,0,0,0,0,3,0,0,0,0,0,2,0,0,0,0,1073_1st,73,Hinckley,Blackberry and Dogwood thicket,40,15.87657311,medium high,2010,Year_1,73,664,107,34,34,553,334,334,12373,3242,15615,2008135,8465,1.7,0,0,0.818038101,187.2619427
1074,RR,SugarMapleMixedHardwoodForest,0,0,13.72022898,0,26,15,0.004714313,0,0,14.41153384,0,0.673015873,6,5.778519657,0.1625,0,0,0,5400,52189.71,0.176065123,3,5.98,25.75,267.97,6.59328,0,0,0,0,6,1,0,5,0,0,0,0,2,6,2,0,1,4,0,2,0,0,0,0,0,0,1,0,3,0,1,1,0,2,0,0,0,0,1,3,6,1,0,4,5,0,0,2,0,2,0,1,0,0,0,0,1,2,1,5,0,2,1,6,1,0,2,2,0,0,0,0,0,1,0,2,1,0,0,0,1,0,6,6,0,5,0,1,2,1,0,0,2,0,0,0,0,0,0,4,0,2,0,0,1074_1st,74,Rocky River,Sugar maple forest,24,11.78376607,low,2010,Year_1,74,3733,6,NA,6,NA,NA,NA,3830,1938,5768,165914,4350,2.53,0,0,5.778519657,44.27185922
1075,SC,SugarMapleMixedHardwoodForest,0,0,19.12326456,4,26,20,0.024231078,0.151197134,1,14.14285714,0.056557532,0.624018098,54,2.85284073,0.242424242,0,0,0,833.3333333,101132.582,0.166066921,2,1.82,5.84,15.8,11.12362,0,0,0,3,4,0,0,4,0,0,0,0,0,0,5,0,4,2,0,4,0,0,0,0,0,0,0,0,1,0,0,3,0,0,0,0,0,3,0,0,0,0,5,2,0,4,0,3,0,4,1,0,0,0,0,0,0,5,6,0,0,0,0,4,0,0,0,0,0,1,0,0,2,1,0,1,4,0,0,0,0,0,2,0,1,2,0,0,3,1,0,0,0,2,0,0,1,0,0,1,0,2,0,0,1075_1st,75,South Chagrin,"""MIXED"" FORESTS",36,16.16930514,medium high,2010,Year_1,75,4573,54,165,54,NA,NA,NA,4476,889,5365,200486,3466,3.25,0,0,2.85284073,148.0925929
1076,NC,WetMesicRedMapleForest,0,0,29.12570648,5,34,22,0.01793756,0.406555154,2,17.00840129,0.003507305,0.652671544,23,0.240947763,0.10373444,310,60.853,0.070720831,550,34937.02621,0.184916986,3,24.7,2.11,33.71,11.30193,0,0,0,0,1,0,0,1,0,0,0,0,0,0,2,0,0,1,0,0,0,1,0,0,0,0,0,2,0,0,1,0,0,0,0,1,0,1,0,0,0,0,1,2,0,0,0,0,0,1,0,0,0,0,0,0,1,1,2,0,0,0,0,2,1,0,0,0,0,1,0,0,0,0,0,2,2,0,0,0,0,0,0,0,1,3,0,0,2,0,0,0,0,3,0,0,0,0,0,1,0,0,0,0,1076_1st,76,North Chagrin,Maple-Ash-Elm forest,43,15.93382542,medium,2010,Year_1,76,17071,23,165,23,NA,NA,NA,1988,0,1988,148037,1487,3.85,0,0,0.240947763,36.37704816
1077,BR,BeechMixedHardwoodHemlockForest,0,0,24.44901873,8,27,21,0.056097085,0.441313183,2,17.64966397,0.013473155,0.704982822,35,4.520261406,0.092807425,100,4400.1875,0.121628299,4287.5,30741.65753,0.161578283,0,5.2,9.05,133.29,12.94123,0,0,0,1,1,0,0,3,0,0,0,0,0,0,2,0,0,0,0,0,0,0,0,0,0,0,0,0,0,0,0,0,0,0,0,0,0,2,1,0,0,0,0,3,0,0,0,0,0,2,0,1,0,0,0,0,0,1,0,0,0,0,0,2,1,0,0,0,0,1,0,0,0,0,0,2,2,0,0,0,0,0,0,0,0,0,0,0,2,0,0,0,0,2,0,0,0,0,0,0,0,0,0,0,1077_1st,77,Brecksville,Beech-maple forest,50,16.12761607,medium,2010,Year_1,77,865,35,13,13,NA,NA,NA,7898,0,7898,223627,3410,2.65,0,0,4.520261406,204.9127777
1078,BC,SugarMapleMixedHardwoodForest,0,0,22.18323711,4,26,24,0.03103528,0.1163829,0,14.01077752,0.135445616,0.608652467,186,7.401623928,0.210526316,137.5,529.320625,0.075444345,150,20501.6384,0.064602257,1,33.995,3.74,209.85,11.51539,0,0,0,0,0,0,0,2,0,0,0,0,1,1,2,0,0,2,0,2,0,0,0,0,0,0,0,1,0,0,0,1,0,1,0,1,0,2,1,0,0,0,0,2,0,0,0,1,0,0,0,0,0,0,1,0,0,3,2,0,0,0,1,4,3,0,0,0,0,0,0,0,0,1,0,1,0,0,0,0,0,0,3,0,0,3,3,0,2,0,0,0,0,1,0,1,0,0,0,0,0,1,0,0,1078_1st,78,Big Creek,Maple-Ash swamp,44,17.75592091,high,2010,Year_1,78,6374,186,NA,186,NA,NA,NA,1029,919,1947,127336,1862,1.48,47391,1283,7.401623928,392.1129787
1080,SC,RuderalWetMesicShrublandandThicket,0,0,14.17143732,5,28,20,0.010912464,0.058499805,1,15.10026017,0,0.631017897,30,0.342545697,0.125954198,10,1.963,0.029051403,810,32363.65444,0.129061581,1,4.03,0.66,143.45,12.68203,0,0,0,0,1,0,0,3,0,0,0,0,1,0,2,0,0,1,0,1,0,0,0,0,0,0,0,2,3,0,0,1,0,0,0,2,0,1,0,0,0,1,1,3,0,0,0,0,0,2,0,0,0,0,0,0,0,3,2,0,0,0,0,3,1,0,0,1,0,1,0,0,1,0,1,2,1,0,0,0,0,0,3,0,0,3,0,0,2,1,0,0,2,2,0,0,0,0,0,0,0,2,0,0,1080_1st,80,South Chagrin,"""MIXED"" FORESTS",43,15.89438828,high,2010,Year_1,80,6908,30,188,30,133,243,133,11301,3296,14597,601646,6614,3.54,0,0,0.342545697,20.54578945
1081,NC,BeechMixedHardwoodHemlockForest,0,0,33.14616385,4,23,21,0.012946101,0.520156047,0,19.77660956,0.028422813,0.55842467,43,0.547974179,0.067524116,20,48.1,0.029964493,2750,121559.7595,0.373821347,3,6.825,2.09,337,12.28786,0,6,0,0,4,0,0,2,0,0,0,0,0,0,4,0,6,1,0,2,0,1,0,0,0,0,0,0,0,0,4,3,0,0,0,0,0,5,0,0,0,0,0,6,0,0,0,0,0,1,0,0,0,0,0,0,1,1,1,0,0,0,1,1,0,0,0,0,0,1,0,0,0,0,0,5,6,0,0,0,0,2,0,0,1,0,0,0,3,0,0,0,0,5,0,0,0,0,0,1,0,0,0,0,1081_1st,81,North Chagrin,Beech-maple forest,43,18.54846232,medium,2010,Year_1,81,17124,43,516,43,5,138,5,11010,1830,12839,1917366,8952,1.68,0,0,0.547974179,658.3091874
1082,HI,SugarMapleMixedHardwoodForest,0,0,42.56369088,5,43,40,0.01628449,0.107320998,4,24.00284074,0.016090105,0.467882363,481,0.596859389,0.099630996,0,0,0,2560,30198.14852,0.155740369,2,9.49,15.6,243.18,12.1734,0,6,0,1,2,0,0,4,0,0,0,0,0,0,5,0,2,3,0,3,0,1,0,0,0,0,1,0,1,0,0,0,0,0,0,5,1,3,0,0,0,0,0,2,0,0,0,0,0,3,0,0,0,0,0,0,3,1,1,0,2,0,0,3,1,0,0,0,7,0,0,0,0,0,0,4,6,0,0,0,0,1,0,0,0,1,0,0,3,1,4,0,1,2,0,0,0,0,0,5,0,0,0,0,1082_1st,82,Hinckley,"""MIXED"" FORESTS",55,24.63088621,medium,2010,Year_1,82,335,481,587,481,171,374,171,12459,4223,16682,1813467,11535,1.38,1140957,7831,0.596859389,670.0874535
1083,MS,WetMesicRedMapleForest,0,0,25.98685525,1,13,13,0.002886043,0.665228335,0,12.70170592,0,0.217188062,180,1.276681769,0.161290323,0,0,0,1170,35442.54048,0.14369123,3,9.1,2.74,124.12,11.11104,0,2,0,1,6,0,0,3,0,0,0,0,0,0,4,0,0,1,0,2,0,0,0,0,0,0,0,0,2,0,0,1,0,0,0,1,0,6,1,0,0,1,3,6,0,0,0,2,0,1,0,0,0,0,0,0,3,6,3,0,0,0,0,4,0,0,0,0,0,1,0,0,0,0,0,2,3,0,0,1,0,0,0,0,2,1,0,0,5,0,0,0,0,0,0,0,0,0,0,3,0,0,0,0,1083_1st,83,Mill Stream Run,"""MIXED"" FORESTS",30,16.27763922,high,2010,Year_1,83,828,180,171,171,14,144,14,12861,2764,15624,3645170,10878,1.22,2528157,11042,1.276681769,274.1885348
1086,RR,BottomlandForest,0,0,52.80739438,1,32,26,0.255217786,0.708483755,0,21.14422927,0.0433213,0.114620939,8,2.50384937,0.196721311,530,104.039,0.172640037,510,98872.63492,0.162045506,0,2.6,0.12,184.11,12.29273,0,0,0,0,4,0,0,6,0,0,0,0,3,0,3,4,4,4,0,3,0,0,0,0,0,0,0,4,1,0,0,1,0,2,1,0,0,5,0,0,0,0,0,4,0,0,1,3,0,4,0,0,2,0,0,1,0,1,4,0,0,0,0,5,1,0,1,0,0,0,0,0,0,0,0,3,3,0,0,0,0,1,2,0,0,3,0,0,4,0,1,0,5,5,0,0,0,0,0,0,0,0,0,0,1086_1st,86,Rocky River,Cottonwood Forest,55,21.77324216,high,2010,Year_1,86,12104,8,451,8,448,27,27,1434,1068,2502,95421,2036,1.74,0,0,2.50384937,125.6601733
1087,MS,BeechMixedHardwoodHemlockForest,0,0,38.08267864,2,13,13,0.00040205,0.001755926,1,18.76673856,0.089552239,0.064383963,708,0.372575143,0.13253012,0,0,0,1066.666667,91051.22286,0.260444252,3,0.78,23.92,9.73,11.69701,0,3,0,0,2,0,0,0,0,0,0,0,0,0,1,0,2,0,0,0,0,0,0,0,0,0,0,0,0,0,0,1,0,0,0,0,0,2,0,0,0,0,0,3,0,0,0,1,0,0,0,0,0,0,0,0,0,1,1,0,0,0,0,1,0,0,0,0,0,1,0,0,1,0,0,3,4,0,0,0,0,0,0,0,0,3,0,0,2,0,0,0,0,2,0,0,0,0,0,0,0,0,0,0,1087_1st,87,Mill Stream Run,Beech-maple forest,42,17.462565,medium,2010,Year_1,87,965,708,NA,708,NA,NA,NA,5745,4399,10144,907648,6080,1.15,603205,3629,0.372575143,525.3551569
1088,BK,MesicMeadow,0,0,0,0,0,0,0,0,0,0,0,0,0,0,0,0,0,0,0,0,0,0,0,1.62,276.49,13.54695,0,0,0,0,2,0,1,3,0,0,0,0,0,0,1,1,0,2,0,1,0,0,0,0,0,0,0,0,2,0,0,2,1,2,0,1,0,0,0,0,0,0,0,0,3,0,0,0,0,2,0,0,0,0,1,3,0,0,0,0,0,0,0,1,0,0,1,2,0,0,0,0,0,2,0,0,0,0,0,0,0,0,2,0,0,3,0,0,1,0,0,0,3,0,0,0,0,0,0,0,0,3,0,0,1088_1st,88,Brookside,Young Field (<5 years),6,14.28355698,,2010,Year_1,88,6878,13,1193,13,NA,NA,NA,3793,845,4638,56697,3489,7.11,0,0,7.292565135,22.23640037
1089,BR,BeechMixedHardwoodHemlockForest,0,0,61.06350299,4,44,41,0.031861879,0.088148874,6,30.25,0.183286126,0.09669905,349,0.194264209,0.095238095,0,0,0,2040,87846.52986,0.224341813,4,1.3,28.72,311.81,7.23791,0,7,0,1,1,0,0,1,0,0,0,0,0,0,5,1,3,3,0,3,0,0,0,0,0,0,0,0,0,0,0,3,0,1,0,0,5,4,0,0,0,0,0,5,0,0,1,0,0,0,0,0,0,0,0,0,4,0,1,0,1,0,0,1,0,0,0,0,0,0,0,0,0,0,0,6,7,0,0,0,0,0,0,0,3,0,0,0,2,0,0,0,0,2,0,0,0,0,0,1,0,0,1,0,1089_1st,89,Brecksville,Beech-maple forest,66,26.03075105,medium,2010,Year_1,89,1044,349,590,349,31,105,31,8257,749,9006,1771071,6580,1.5,867314,4697,0.194264209,430.0256762
1090,RR,SugarMapleMixedHardwoodForest,0,0,31.2538117,3,34,29,0.007296256,0.095081196,0,20.16403321,0.047540598,0.551973013,187,0.573648892,0.208695652,300,346.021,0.142793772,570,45595.15587,0.141104337,3,1.365,3.05,198.3,12.33657,0,5,0,0,4,0,0,1,0,0,0,0,1,0,4,1,5,5,0,3,0,0,0,0,0,0,0,0,2,0,0,2,0,0,0,0,0,5,0,0,0,0,0,6,0,0,2,1,0,1,0,3,0,0,1,1,7,4,4,0,0,1,0,4,0,0,2,0,0,2,0,0,2,0,0,7,6,0,0,0,0,1,0,0,2,2,0,0,6,0,1,0,0,2,0,0,0,0,0,3,0,1,0,0,1090_1st,90,Rocky River,Beech-maple forest,51,17.05961028,high,2010,Year_1,90,3744,187,109,109,NA,NA,NA,975,818,1794,106008,1331,2.33,29768,927,0.573648892,236.566865
1091,BE,BeechMixedHardwoodHemlockForest,0,0,33.32285868,6,13,15,0.193039839,0.718504343,1,14.81865691,0.017665244,0.107757986,5,6.487342174,0.130434783,130,133.956,0.071393323,2070,35917.16006,0.175698485,2,4.875,2.81,345.59,11.07629,0,0,0,1,1,0,0,3,0,0,0,0,0,0,1,0,2,3,0,1,0,0,0,0,0,0,0,0,0,0,1,0,0,0,0,0,0,3,0,0,0,0,0,3,0,0,0,0,0,0,0,0,0,0,1,2,0,0,0,0,0,0,0,1,1,0,0,0,0,0,0,0,0,0,0,1,3,0,0,0,0,0,0,0,0,0,0,0,3,0,0,0,0,2,0,0,0,0,0,2,0,0,0,0,1091_1st,91,Bedford,Beech-maple forest,36,14.90482627,very high,2010,Year_1,91,3409,5,NA,5,514,514,514,9049,0,9049,528551,7985,2.68,0,0,6.487342174,97.72016187
1092,NC,OakMixedHardwoodForest,0,0,19.16746778,3,15,12,0.010799111,0.042725913,0,18.55778285,0.064516129,0.471694082,166,0.30277636,0.156950673,10,110.4,0.029359996,1740,33012.00311,0.128842189,4,0.65,2.87,197.83,9.73085,0,3,0,0,0,0,0,2,0,0,0,0,0,0,1,0,3,0,0,2,0,0,0,0,0,0,0,1,0,0,0,0,0,1,0,0,0,2,0,0,0,0,0,3,0,0,0,0,0,0,0,1,0,0,0,0,1,0,0,0,0,0,0,1,0,0,0,0,0,0,0,0,0,0,0,2,3,0,0,1,0,1,0,0,1,0,0,0,2,0,0,0,0,1,0,0,0,0,0,0,0,0,0,0,1092_1st,92,North Chagrin,Dry-Mesic Oak Forest and Woodland,52,20.79787788,high,2010,Year_1,92,16616,166,316,166,65,311,65,5583,1230,6813,1485834,5875,1.67,1026858,4909,0.30277636,243.6899418
1093,BR,WetMesicRedMapleForest,0,0,26.11348604,3,19,13,0.006408629,0.179396092,1,18.27815388,0.092362345,0.454706927,46,0.750234281,0.272727273,0,0,0,1280,27684.40343,0.124430896,0,0.91,1.44,76.95,10.74373,0,2,0,1,0,0,0,3,0,0,0,0,0,0,3,0,0,2,0,2,0,0,0,0,0,0,0,0,0,0,0,0,0,1,0,1,0,1,0,0,0,0,0,3,0,0,0,0,0,1,0,1,0,0,0,0,2,0,0,0,0,0,0,1,0,0,0,0,1,0,0,0,0,0,0,1,3,0,0,0,0,0,1,0,2,0,0,0,3,0,0,0,0,2,0,0,0,0,0,3,0,0,1,0,1093_1st,93,Brecksville,"""MIXED"" FORESTS",39,20.98357321,high,2010,Year_1,93,836,46,NA,46,NA,NA,NA,11366,6687,18053,1996689,8598,1.15,0,0,0.750234281,656.1264997
1094,RR,SugarMapleMixedHardwoodForest,0,0,21.07553614,1,33,24,0.018535469,0.081041059,1,17.25951648,0,0.437514023,28,1.728636662,0.086419753,20,221.8815,0.029414632,1560,21094.24681,0.154980759,4,4.68,19.64,332.71,7.05075,0,1,0,0,2,0,0,4,0,0,0,0,2,1,2,1,0,0,0,3,0,0,0,0,0,0,0,1,2,0,0,3,0,2,1,0,0,2,0,0,0,0,0,3,0,0,0,2,1,1,0,1,0,0,0,0,0,0,0,0,0,0,0,3,1,0,1,0,0,1,0,0,0,0,0,3,2,1,0,0,0,0,0,0,2,2,0,0,3,0,0,0,0,1,0,0,0,0,0,1,0,0,0,0,1094_1st,94,Rocky River,"""MIXED"" FORESTS",30,15.89769927,high,2010,Year_1,94,7034,28,475,28,66,5,5,8129,3163,11291,1076909,9523,2.66,0,0,1.728636662,77.33554645
1097,NC,BeechMixedHardwoodHemlockForest,0,0,45.20447523,2,27,21,0.00463526,0.131262306,1,24.83333333,0.055348939,0.307153796,14,0.992598392,0.078804348,60,799.013,0.117304016,3160,28166.03981,0.143654784,3,6.175,6.93,41.67,12.55712,0,6,0,2,5,0,0,3,0,0,0,0,1,0,1,0,4,2,0,3,0,0,0,0,0,0,0,0,0,0,2,5,0,0,0,1,1,3,0,0,0,0,0,5,0,0,1,1,0,0,0,1,0,0,0,0,1,1,2,1,0,0,0,4,0,0,0,0,0,1,0,0,0,0,0,5,7,0,0,0,0,1,0,0,2,4,0,0,6,0,0,0,0,5,0,0,0,0,0,0,1,0,1,0,1097_1st,96,North Chagrin,Beech-maple forest,54,21.06339637,medium,2010,Year_1,96,17124,14,593,14,14,17,14,11010,1830,12839,1917366,8952,1.68,0,0,0.992598392,619.4841881
1098,HI,SugarMapleMixedHardwoodForest,0,0,62.39607854,4,58,50,0.014594137,0.190698933,2,26.0523346,0.003378269,0.228444589,11,0.850404274,0.162790698,30,5.889,0.032435159,370,25934.3636,0.111020794,3,2.015,3.97,210.89,11.22789,0,0,0,1,7,0,0,3,1,0,0,0,4,4,2,0,3,2,0,0,1,0,0,0,0,2,0,2,2,0,0,0,0,0,0,3,0,0,2,3,1,1,2,2,1,4,0,1,0,4,0,0,0,0,1,0,0,5,4,0,0,0,1,4,3,0,0,1,0,0,0,0,0,0,0,2,4,0,0,0,0,0,7,0,1,7,0,0,1,1,0,0,2,1,0,0,0,0,0,0,0,2,0,0,1098_1st,97,Hinckley,"""MIXED"" FORESTS",57,29.22147732,medium high,2010,Year_1,97,335,11,351,11,211,440,211,12459,4223,16682,1813467,11535,1.38,0,0,0.850404274,272.6547649
1099,MS,BeechMixedHardwoodHemlockForest,0,0,20.03275672,3,15,11,0.016369747,0,0,16.34118976,0.057164207,0.417336073,15,8.907141733,0.201550388,10,110.4,0.030433169,1130,50222.70346,0.190512862,2,6.5,11.99,326.94,7.26645,0,0,0,1,3,0,0,3,0,0,0,0,0,0,1,0,0,2,0,1,0,0,0,0,0,0,0,0,0,0,1,1,0,0,0,0,0,2,0,0,0,0,0,3,0,0,0,1,0,1,0,0,0,0,0,1,0,1,0,0,0,0,0,3,0,0,0,0,0,0,0,0,1,0,0,1,2,0,0,0,0,0,1,0,1,2,0,0,2,0,0,0,0,1,0,0,0,0,0,0,0,1,0,0,1099_1st,98,Mill Stream Run,"""MIXED"" FORESTS",50,18.0124478,medium high,2010,Year_1,98,2609,15,434,15,NA,NA,NA,9412,3612,13024,435527,6759,3.4,0,0,8.907141733,208.9983243
1100,NC,WetMesicRedMapleForest,0,0,7.116758014,1,12,7,0.117347937,0.074738416,1,11.78376607,0.000747384,0.861235675,23,6.069426898,0.236714976,0,0,0,760,19709.06917,0.147987435,1,4.55,4.53,164.16,13.91802,0,0,0,0,1,0,0,3,0,0,0,0,0,0,1,0,0,1,0,3,0,0,0,0,0,0,0,0,0,0,0,0,0,1,0,0,0,0,0,0,0,1,0,2,0,0,0,0,0,2,0,0,0,0,0,0,0,2,0,0,0,0,0,2,0,0,0,0,0,0,0,0,0,0,0,1,1,0,0,0,0,0,3,0,1,3,0,0,2,0,0,0,1,1,0,0,0,0,0,0,0,2,0,0,1100_1st,99,North Chagrin,Planted-Austrian Pine,16,13.85804656,medium,2010,Year_1,99,16618,23,27,23,61,173,61,3353,614,3967,240534,2537,2.43,0,0,6.069426898,167.3395241
1101,HI,SugarMapleMixedHardwoodForest,0,0,53.73459434,5,43,39,0.131444428,0,2,27.28764161,0.025676038,0.358469679,118,0.864785441,0.013392857,125,12.26875,0.031588941,2850,4713.184375,0.122107525,5,17.55,0.76,114.65,12.99358,0,7,0,4,0,0,0,4,0,0,0,0,0,0,4,0,1,1,0,6,0,0,0,0,0,0,0,0,1,0,0,1,0,0,0,0,0,2,0,0,0,2,0,7,0,2,0,1,0,0,0,0,0,0,0,0,5,0,0,0,0,0,0,2,0,0,0,0,0,2,0,0,0,0,0,6,7,0,0,0,0,0,0,0,2,1,0,0,4,1,0,0,0,4,0,0,0,0,0,0,0,0,0,0,1101_1st,100,Hinckley,Blackberry Thickets,56,25.55115533,medium,2011,Year_2,125,664,118,139,118,54,69,54,12373,3242,15615,2008135,8465,1.7,1218361,7697,0.864785441,876.038617
1102,RR,SugarMapleMixedHardwoodForest,0,0,26.84818372,5,21,27,0.007863284,0,0,16.30293576,0.024861685,0.479305273,84,2.953338863,0.220512821,0,0,0,1660,24856.00572,0.114877347,7,5.525,18.86,202.91,6.70963,0,0,0,0,3,0,1,7,0,0,0,0,3,0,4,1,3,2,0,6,0,0,0,0,0,0,0,3,0,0,0,1,0,4,0,1,0,2,0,0,0,0,0,3,0,0,0,4,0,2,0,0,0,0,0,0,0,1,3,0,0,0,1,4,1,0,0,0,0,1,0,0,1,0,0,5,5,1,0,0,0,0,0,0,2,3,0,0,3,0,0,0,4,1,0,0,1,0,0,0,0,0,0,0,1102_1st,101,Rocky River,"""MIXED"" FORESTS",50,20.22325394,medium high,2011,Year_2,126,12103,84,37,37,35,8,8,4472,1068,5540,280992,3177,2.86,0,0,2.953338863,79.42263292
1103,MS,SugarMapleMixedHardwoodForest,0,0,23.77397942,8,22,23,0.029735508,0,2,18.24335495,0.042271382,0.587008595,86,0.362592308,0.131034483,30,57.163,0.029552619,2280,32490.72086,0.152248401,6,5.525,1.96,4.12,12.0574,0,0,0,1,1,0,0,1,0,0,0,0,0,0,0,0,1,0,0,1,0,0,0,0,0,0,0,0,0,0,0,0,0,0,1,0,0,0,0,0,0,0,0,0,0,0,0,0,0,0,0,1,0,0,0,0,0,1,0,0,0,0,0,1,0,0,0,0,0,0,0,0,0,0,0,0,1,0,0,0,0,0,1,0,0,0,0,0,1,0,0,0,0,0,0,0,0,0,0,0,0,0,0,0,1103_1st,102,Mill Stream Run,"""MIXED"" FORESTS",40,16.0475484,medium,2011,Year_2,127,965,86,NA,86,NA,NA,NA,5745,4399,10144,907648,6080,1.15,0,0,0.362592308,340.9046932
1104,NC,RuderalWetMesicShrublandandThicket,0,0,14.03669735,6,31,22,0.013751564,0.029980063,1,15.10518675,0.002998006,0.863500772,49,0.309611109,0.060498221,0,0,0,725,104305.8638,0.149669675,1,8.71,1.55,99.87,13.76743,0,0,0,1,3,0,0,1,0,0,0,0,1,0,3,0,0,2,0,2,0,0,0,0,0,0,1,2,1,0,1,1,0,2,0,2,0,2,0,0,0,0,1,0,0,0,0,0,0,3,0,0,0,0,0,0,0,0,0,0,0,0,1,3,0,0,0,0,0,0,0,0,2,0,0,1,1,0,0,0,0,1,3,0,0,2,0,0,3,0,0,0,1,1,0,0,0,0,0,1,0,1,0,0,1104_1st,103,North Chagrin,Mesic Floodplain Forest,34,13.62659937,high,2011,Year_2,128,17908,49,NA,49,NA,NA,NA,5991,1316,7307,227917,3223,2.14,0,0,0.309611109,101.2158239
1105,BR,OakMixedHardwoodForest,0,0,54.16512263,8,27,33,0.036198503,0,1,24.65118356,0.170685279,0.177203507,298,0.130066215,0.222222222,50,777.1333333,0.042431397,880,27898.65823,0.12367396,4,2.665,3.75,318.53,9.59756,0,4,0,1,5,0,0,3,0,0,0,0,0,0,4,0,1,2,0,3,0,0,0,0,0,0,0,0,0,0,0,0,0,0,0,0,4,3,1,0,0,0,0,6,0,0,0,2,0,0,0,5,0,2,0,0,1,0,0,0,0,0,1,0,0,0,0,0,0,3,0,0,0,0,0,4,5,0,0,0,0,1,1,0,3,0,0,0,7,0,1,0,0,5,0,0,1,0,0,2,0,0,1,0,1105_1st,104,Brecksville,Dry Oak forest and Woodland,63,28.23088306,medium high,2011,Year_2,129,758,298,236,236,183,260,183,9445,9766,19211,2708700,9043,1.31,1937830,9532,0.130066215,423.7919801
1107,BE,MesicMeadow,0,0,0,0,0,0,0,0,0,0,0,0,0,0,0,0,0,0,0,0,0,0,0,3.02,262.85,11.29451,0,3,0,0,2,0,0,2,0,1,0,0,0,0,2,1,0,3,0,2,0,0,0,0,0,0,0,3,0,0,0,1,0,0,1,0,0,1,0,0,0,0,0,4,0,0,0,1,0,0,0,0,0,0,0,0,0,0,2,0,2,0,0,2,0,0,0,0,0,1,0,0,0,0,0,2,2,0,0,0,0,1,0,0,1,0,0,0,2,0,0,0,0,1,0,0,0,0,0,1,0,0,0,0,1107_1st,106,Bedford,Streams and Rivers,10,9.38083152,,2011,Year_2,131,2169,161,NA,161,70,72,70,11148,2862,14011,939302,6219,1.65,368780,4479,2.619841774,235.4775257
1108,SC,BottomlandForest,0,0,36.43781805,2,34,22,0.007728871,0.103930836,1,20.57911563,0.070169864,0.797434166,131,0.540270727,0,120,23.556,0.129002838,200,634.165,0.309988139,5,23.66,1.68,139.97,12.16051,0,0,0,1,2,0,1,3,0,0,0,0,1,0,2,1,1,1,0,1,0,0,0,0,0,0,1,2,0,0,0,0,0,0,0,1,0,2,0,0,0,0,0,3,0,0,0,1,0,3,0,0,0,0,0,0,0,0,2,1,1,0,1,2,0,0,0,0,0,0,0,0,1,0,0,1,2,0,0,0,0,1,0,0,2,3,0,0,2,0,0,0,1,1,0,0,0,0,0,0,0,0,1,0,1108_1st,107,South Chagrin,Mixed emergent marsh,53,18.1422947,medium high,2011,Year_2,132,6908,131,130,130,101,91,91,11301,3296,14597,601646,6614,3.54,38432,1027,0.540270727,207.9013211
1110,RR,SugarMapleMixedHardwoodForest,0,0,38.94481415,3,16,17,0.227294681,0,0,16.61425091,0,0.138987289,49,4.234659782,0.116666667,890,506.012,0.20723324,810,77356.19234,0.155458886,6,2.405,0.28,17.6,12.50094,0,3,0,0,2,0,0,3,0,0,0,0,0,0,2,0,0,2,0,1,0,0,0,0,0,0,0,0,0,0,0,1,0,0,0,0,0,2,0,0,0,0,0,3,0,0,0,1,0,2,0,1,0,0,0,0,0,1,0,0,0,0,0,3,2,0,0,0,0,0,0,0,0,0,0,3,3,1,0,0,0,0,0,0,0,2,0,0,0,0,0,0,0,1,0,0,0,0,0,0,0,0,0,0,1110_1st,109,Rocky River,Mesic Floodplain Forest,44,16.66987149,low,2011,Year_2,134,4847,49,NA,49,41,182,41,2521,2745,5266,185019,5220,2.18,0,0,4.234659782,103.3925456
1111,BE,WetMesicRedMapleForest,0,0,36.79156915,2,21,23,0.058218513,0,1,18.58467766,0.079978672,0.399893362,32,0.551138467,0.233766234,0,0,0,720,65916.62391,0.186224875,6,4.42,5.82,287.4,9.14205,0,3,0,1,0,0,0,2,0,0,0,0,0,0,1,0,0,2,0,3,0,0,0,0,0,0,0,1,1,0,1,0,0,0,0,0,0,0,0,0,0,0,0,2,0,0,0,1,0,0,0,0,0,0,0,0,0,1,0,0,0,0,0,3,0,0,0,0,0,1,0,0,0,0,0,3,2,0,0,0,0,0,3,0,0,0,0,0,2,0,0,0,0,1,0,0,0,0,0,0,0,0,0,0,1111_1st,110,Bedford,Red maple thickets and woodlands,26,21.15352685,high,2011,Year_2,135,3347,32,NA,32,479,595,479,8869,241,9110,767481,6503,1.63,0,0,0.551138467,58.82074046
1112,SC,WetMesicRedMapleForest,0,0,26.5228283,6,30,28,0.032777482,0.198590153,2,19.5646585,0.04956493,0.461559643,86,0.258663412,0.123076923,125,190.19,0.081411232,1025,21673.25414,0.111756735,4,3.9,7.04,64.58,12.08155,0,3,0,1,3,0,0,3,0,0,0,0,0,0,3,0,1,1,1,2,0,2,0,0,0,0,0,0,0,0,0,0,0,0,0,0,2,3,0,0,0,1,0,1,0,0,0,1,0,0,0,0,0,0,0,0,2,0,0,0,0,0,0,3,0,0,0,0,0,0,0,0,0,0,0,2,3,0,0,1,0,0,0,0,3,1,0,0,3,0,0,0,0,2,0,0,0,0,0,1,0,0,1,0,1112_1st,111,South Chagrin,Mesic Floodplain Forest,57,21.72233066,medium high,2011,Year_2,136,9150,86,77,77,26,108,26,3375,0,3375,378367,2690,2.57,0,0,0.258663412,250.894446
1113,NC,OakMixedHardwoodForest,0,0,44.07529515,1,19,17,0.016562035,0.038055765,0,22.29990391,0.169555388,0.170685757,125,0.936117312,0.052380952,60,216.1333333,0.049602746,1780,64566.3852,0.182343341,5,4.03,2.37,263.1,10.29891,0,6,0,2,2,0,0,4,0,0,0,0,0,0,4,0,0,1,0,5,0,0,0,0,0,0,0,0,1,0,0,4,0,0,0,0,4,0,0,0,0,0,0,7,0,0,0,5,0,0,0,0,0,0,0,0,2,1,0,0,0,0,1,3,2,0,0,0,0,2,0,0,2,0,0,7,3,0,0,0,0,0,1,0,2,0,0,0,4,0,0,0,0,4,0,0,0,0,0,2,0,1,0,0,1113_1st,112,North Chagrin,"""MIXED"" FORESTS",47,23.76900329,medium,2011,Year_2,137,17124,125,375,125,604,280,280,11010,1830,12839,1917366,8952,1.68,1087039,6762,0.936117312,482.0237923
1114,BW,BeechMixedHardwoodHemlockForest,0,0,14.69861974,2,16,14,0.018785684,0,1,15.49317468,0,0.469809069,28,2.147704129,0.203883495,0,0,0,950,38592.26468,0.151590449,4,2.99,0.7,261.3,13.51906,0,7,0,0,3,0,0,3,0,0,0,0,1,0,4,0,2,4,0,6,0,0,0,0,0,0,0,0,0,0,0,2,0,0,0,0,0,6,0,0,0,0,0,7,0,0,0,0,0,0,0,0,0,0,0,0,0,1,0,0,0,0,0,3,0,0,0,0,0,0,0,0,3,0,0,4,7,0,0,0,0,1,0,0,4,0,0,0,2,0,0,0,0,2,0,0,0,0,0,6,0,0,0,0,1114_1st,113,Bradley Woods,Beech-maple forest,54,17.67766953,medium,2011,Year_2,138,3782,28,469,28,329,229,229,20787,0,20787,2780009,12429,1.25,0,0,2.147704129,166.4744884
1115,MS,BeechMixedHardwoodHemlockForest,0,0,16.61962998,1,11,10,0,0,0,13.76494403,0.047977422,0.101599247,219,6.067916393,0.068493151,0,0,0,1260,89369.89157,0.146298185,4,1.365,10.94,129.19,9.29823,0,0,0,0,1,0,0,4,0,0,0,0,0,0,1,0,1,0,0,3,0,0,0,0,0,0,0,0,0,0,0,0,0,0,0,0,0,1,0,0,0,0,0,3,0,0,0,2,0,0,0,0,0,0,0,0,0,1,1,0,0,0,0,1,0,0,0,0,0,0,0,0,0,0,0,2,3,0,0,0,0,0,0,0,0,2,0,0,3,0,0,0,0,1,0,0,0,0,0,2,0,0,0,0,1115_1st,114,Mill Stream Run,"""MIXED"" FORESTS",43,18.55778285,medium low,2011,Year_2,139,2554,219,273,219,299,200,200,3767,1720,5487,607803,3897,1.84,386953,3469,6.067916393,209.3037937
1116,OE,WetMeadowandMarsh,0,0,22.87549902,5,27,21,0.078300871,0,2,13.56773133,0.010380623,0.650519031,72,7.229582206,0,0,0,0,0,0,0,1,28.73,1.09,19.21,12.4149,0,0,0,0,6,0,0,4,0,0,0,0,0,1,2,0,4,5,0,1,0,0,0,0,0,0,0,0,3,0,0,2,0,2,0,1,0,2,1,0,0,1,0,0,1,0,1,1,0,4,2,0,0,0,0,0,0,4,1,0,0,0,1,4,0,0,0,0,0,0,0,0,0,0,0,2,5,0,0,0,0,0,6,0,0,6,0,1,1,0,0,0,3,0,0,2,1,0,0,0,0,6,0,0,1116_1st,115,Ohio and Erie Canal,Grapevine Tangle,10,10.66666667,low,2011,Year_2,140,7524,72,NA,72,NA,NA,NA,3057,3620,6677,254114,4155,5.13,0,0,7.229582206,783.6404139
1117,HI,BeechMixedHardwoodHemlockForest,0,0,54.29618878,3,24,30,0.022351841,0,2,24.36310685,0.105351171,0.109113712,483,1.008224128,0.047732697,20,3.926,0.057151173,3070,37647.46909,0.177514657,7,1.885,7.03,226.53,10.4297,0,6,0,1,1,0,0,2,0,0,0,0,0,0,2,0,2,2,0,5,0,0,0,0,0,0,0,0,0,0,0,4,0,0,0,0,0,0,0,0,0,0,0,6,0,0,1,0,0,0,0,1,0,0,0,0,6,0,1,0,0,0,0,2,0,0,0,0,1,0,0,0,0,0,0,3,7,0,0,0,0,0,0,0,4,0,0,0,6,0,1,0,0,4,0,0,0,0,0,2,0,0,2,0,1117_1st,116,Hinckley,Beech-maple forest,63,28.34206639,low,2011,Year_2,141,664,483,455,455,213,115,115,12373,3242,15615,2008135,8465,1.7,1218361,7697,1.008224128,730.0394999
1119,SC,WetMeadowandMarsh,0,0,4.724268951,2,15,4,0.298862025,0,0,8.966119804,0,0.968385919,57,1.342321155,0.018867925,0,0,0,225,2322.6775,0.083806956,1,52,5.95,210.7,9.26332,0,0,0,0,3,0,0,5,0,0,0,0,2,0,4,0,0,3,0,6,0,0,0,0,0,0,0,1,2,0,1,1,0,0,0,0,0,2,0,0,0,0,2,2,0,0,0,1,0,6,0,0,0,0,1,3,0,5,2,0,0,0,0,5,0,0,0,0,0,0,0,0,3,0,0,0,1,0,0,0,0,0,0,0,0,4,0,0,3,0,0,0,0,1,0,0,0,0,0,1,0,1,0,0,1119_1st,118,South Chagrin,Young field (<5 years),13,8.621054497,medium,2011,Year_2,143,10344,57,0,0,57,9,9,9758,0,9758,414868,6220,2.43,0,0,1.342321155,120.0025363
1122,BC,WetMesicRedMapleForest,0,0,36.75831604,9,22,25,0.03789729,0,0,20.17822376,0.05181377,0.44101578,63,0.949537192,0.383561644,0,0,0,660,46638.61499,0.153079941,6,3.38,0.58,200.77,12.37993,0,1,0,0,3,0,0,6,0,0,0,0,0,0,3,0,3,1,0,1,0,0,0,0,0,0,1,1,0,0,0,0,0,2,0,2,0,2,0,0,0,0,2,3,0,1,0,1,0,5,0,0,0,0,0,1,0,6,4,0,0,0,1,6,1,0,0,0,0,0,0,0,0,0,0,0,1,0,0,0,0,0,1,0,0,3,0,0,2,0,0,0,0,4,0,0,0,0,0,1,0,1,0,0,1122_1st,121,Big Creek,"""MIXED"" FORESTS",37,19.3747258,medium high,2011,Year_2,146,2205,63,NA,63,NA,NA,NA,2193,492,2684,30229,964,2.12,0,0,0.949537192,296.6513246
1123,BE,WetMeadowandMarsh,0,0,3.905467589,4,16,10,0.02739735,0,1,8.198915917,0.001963698,0.978360051,6,3.125480764,0,0,0,0,0,0,0,2,99.775,1.38,284.35,14.15326,0,0,0,0,2,0,0,1,0,1,0,0,1,0,2,0,0,3,0,1,0,0,1,0,0,0,0,1,2,0,0,0,0,2,0,3,0,1,1,2,0,0,2,1,1,3,0,1,0,3,0,0,0,0,0,0,0,0,2,0,0,1,1,3,0,0,0,1,0,1,0,0,1,0,0,1,1,0,0,0,0,0,2,0,0,3,0,1,0,1,0,0,0,0,0,1,0,0,0,0,0,2,0,0,1123_1st,122,Bedford,Dogwood Thickets,10,8.928837434,high,2011,Year_2,147,2169,6,NA,6,247,13,13,11148,2862,14011,939302,6219,1.65,0,0,3.125480764,514.1058703
1124,SC,RuderalWetMesicShrublandandThicket,0,0,6.397346828,3,26,19,0.011016479,0.031289133,2,14.32078021,0.00020585,0.878394373,36,0.344628629,0.079787234,60,16.9325,0.044333619,710,35800.94673,0.094918025,3,9.945,1.38,297.37,12.61935,0,0,0,0,3,0,0,3,0,0,0,0,2,0,2,0,1,0,0,0,0,0,0,0,0,0,0,0,3,0,1,0,0,0,0,3,0,2,0,0,0,0,0,0,0,1,0,0,0,3,0,1,0,0,0,0,0,2,2,0,0,0,1,3,1,0,0,2,0,0,0,0,3,0,0,3,1,0,0,0,0,0,3,0,0,3,1,2,2,0,0,0,1,0,0,0,0,0,0,0,0,2,0,0,1124_1st,123,South Chagrin,"""MIXED"" FORESTS",53,18.67524313,high,2011,Year_2,148,7527,36,118,36,26,161,26,3467,2662,6129,417933,3758,2.39,0,0,0.344628629,39.94752579
1125,BR,SugarMapleMixedHardwoodForest,0,0,32.20073702,7,30,32,0.031563857,0,3,20.44548501,0,0.55700682,119,0.447458587,0.136842105,10,110.4,0.031353495,350,47816.44117,0.125904134,3,4.29,11.34,347.62,10.03017,0,3,0,0,1,0,0,1,0,0,0,0,0,0,2,0,0,1,0,3,0,0,0,0,0,0,0,0,0,0,1,1,0,2,0,1,0,2,1,0,0,0,0,2,0,0,0,2,0,0,0,1,0,0,0,0,1,0,0,0,0,0,0,3,1,0,0,0,0,0,0,0,0,0,0,4,3,0,0,0,0,0,0,0,1,1,0,0,2,0,0,0,0,2,0,0,0,0,0,2,0,1,0,0,1125_1st,124,Brecksville,Planted-Norway Spruce,58,23.46215521,medium,2011,Year_2,149,758,119,369,119,1,13,1,9445,9766,19211,2708700,9043,1.31,1937830,9532,0.447458587,142.0096944
1126,MS,WetMesicRedMapleForest,0,0,16.78818968,4,23,17,0.051572976,0,1,14.14285714,0.045945325,0.593728463,116,0.654363834,0.315217391,0,0,0,1100,24882.14525,0.128396044,4,8.125,0.12,348.89,14.79181,0,1,0,0,3,0,0,5,0,0,0,0,0,1,4,0,1,1,0,4,0,0,0,0,0,0,0,1,0,0,0,0,0,1,0,4,0,2,0,0,0,1,4,0,2,0,0,1,0,4,0,0,0,0,1,2,0,6,0,4,0,0,0,5,1,0,0,0,0,0,0,0,0,1,0,1,2,0,0,1,0,0,4,0,0,6,0,0,2,0,0,0,0,1,0,0,0,0,0,2,0,0,0,0,1126_1st,125,Mill Stream Run,Atypical Upland Forest,46,19.69463856,medium,2011,Year_2,150,1865,116,17,17,NA,NA,NA,4217,0,4217,380278,3205,1.47,0,0,0.654363834,161.5252466
1127,BE,BeechMixedHardwoodHemlockForest,0,0,41.92980875,1,8,11,0.016758279,0,2,18.4327075,0.139013008,0.045576408,444,0.462352052,0.118644068,0,0,0,1350,109765.5255,0.329454899,4,7.475,1.66,350.29,7.3357,0,2,0,1,4,0,0,2,0,0,0,0,0,0,5,1,5,4,0,5,0,0,0,0,0,0,0,2,0,0,0,3,0,0,0,1,1,1,0,0,0,1,0,4,0,0,1,1,0,1,0,1,0,0,1,0,1,1,6,0,0,0,0,4,1,0,0,0,0,2,0,0,0,0,0,2,4,0,0,0,0,0,1,0,3,4,0,0,5,0,1,0,0,1,0,1,0,0,0,3,0,0,0,0,1127_1st,126,Bedford,Hemlock-hardwood forest,48,19.85782801,medium,2011,Year_2,151,3072,444,478,444,472,5,5,6617,4929,11546,965735,8324,1.24,458541,4240,0.462352052,592.1854372
1128,SC,BeechMixedHardwoodHemlockForest,0,0,52.91202836,2,23,25,0.104042864,0.085675635,2,23.50905518,0.210431384,0.257628138,9,0.526409126,0.063492063,200,345.94,0.080341392,2575,42984.19726,0.149581716,5,4.29,17.91,5.42,7.24576,0,2,0,0,3,0,0,4,0,0,0,0,0,0,4,0,1,0,0,4,0,0,0,0,0,0,0,0,0,0,1,0,0,0,0,0,0,4,0,0,0,2,0,2,0,0,0,1,0,2,0,0,0,0,0,0,0,4,0,0,0,0,0,4,0,0,0,0,0,0,0,0,0,0,0,0,1,0,0,0,0,0,0,0,1,0,0,0,2,0,0,0,0,2,0,0,0,0,0,2,0,0,0,0,1128_1st,127,South Chagrin,Beech-red oak forest,67,25.62512554,low,2011,Year_2,152,10063,9,NA,9,445,447,445,12255,0,12255,371460,4714,2,0,0,0.526409126,16.35874554
1129,NC,BeechMixedHardwoodHemlockForest,0,0,66.07980923,0,15,18,0.079260834,0.00063435,1,23.33782008,0.667336258,0.064069356,310,0.299195803,0.056074766,70,62.088,0.045350113,2280,36112.28163,0.1383906,7,2.665,3.65,91.52,8.37496,0,7,0,1,3,0,0,0,0,1,0,0,1,0,6,0,4,0,0,2,0,0,0,0,0,0,1,0,0,0,1,1,0,0,0,0,1,5,0,0,0,0,0,5,0,0,0,1,0,0,0,1,0,0,0,0,6,0,0,1,2,0,0,2,0,0,0,0,0,2,0,0,0,0,0,2,7,0,0,0,0,0,0,0,5,0,0,0,4,0,0,0,0,5,0,0,0,0,0,3,0,0,0,0,1129_1st,128,North Chagrin,Beech-maple forest,63,27.95426938,low,2011,Year_2,153,17124,310,261,261,25,33,25,11010,1830,12839,1917366,8952,1.68,1087039,6762,0.299195803,707.4378092
1131,MS,SugarMapleMixedHardwoodForest,0,0,25.64524614,1,12,10,0.026589852,0,3,15.65247584,0,0.188819876,25,1.707429907,0.081395349,0,0,0,987.5,80732.25618,0.217939409,2,2.145,17.04,343.79,7.64332,0,0,0,1,2,0,0,3,0,0,0,0,2,0,2,0,0,1,0,3,0,0,0,0,0,0,0,1,2,0,0,1,0,0,0,0,0,3,1,0,0,0,0,3,0,0,0,2,0,1,0,0,0,0,0,0,0,3,2,0,0,0,1,3,1,0,0,0,0,0,0,0,1,0,0,3,1,0,0,0,0,0,2,0,0,1,0,0,2,0,0,0,0,1,0,0,0,0,0,1,0,0,0,0,1131_1st,130,Mill Stream Run,"""MIXED"" FORESTS",40,17.45536179,medium high,2011,Year_2,155,1542,25,401,25,NA,NA,NA,7120,1906,9026,399071,4931,1.8,0,0,1.707429907,134.6176406
1132,BE,OakMixedHardwoodForest,0,0,48.78981382,0,29,32,0.04952947,0,3,23.19310242,0.068073519,0.301452235,54,6.991807111,0.205882353,550,760.585,0.21959543,650,50183.63241,0.114473145,6,2.99,18.23,237.96,9.84482,0,6,0,1,1,0,0,4,0,0,0,0,1,0,2,1,1,1,0,3,0,0,0,0,0,0,0,2,0,0,0,0,0,0,0,0,1,2,0,0,0,1,0,2,0,0,0,0,0,0,0,0,0,0,0,0,0,1,0,0,1,0,0,2,0,0,1,0,0,0,0,0,0,2,0,0,2,0,0,0,0,0,0,0,0,2,0,0,1,0,0,0,0,0,0,0,0,0,0,0,0,0,0,0,1132_1st,131,Bedford,"""MIXED"" FORESTS",77,26.67222164,medium low,2011,Year_2,156,3386,54,325,54,285,44,44,10139,8695,18834,1945098,13162,1.78,0,0,6.991807111,222.7120035
1133,HI,MesicMeadow,0,0,0,0,0,0,0,0,0,0,0,0,0,0,0,0,0,0,0,0,0,0,0,1.25,151.98,13.42414,0,0,0,3,2,0,0,0,0,0,0,0,0,0,2,0,1,2,0,1,0,0,1,0,0,2,0,0,0,0,0,1,0,0,0,3,0,2,1,0,0,0,2,1,1,3,0,0,0,0,0,0,0,0,0,0,0,1,1,0,0,0,0,1,0,0,0,0,2,1,0,0,0,0,0,2,1,0,0,0,1,2,2,0,0,3,0,0,2,1,0,0,0,1,0,0,0,0,0,0,0,2,0,0,1133_1st,132,Hinckley,Young field (<5 years),0,4.901894677,low,2011,Year_2,157,318,191,89,89,10,115,10,23105,0,23105,4185661,12531,1.38,0,0,0.321776836,307.743975
1134,BW,WetMesicRedMapleForest,0,0,4.114673452,3,17,12,0.021069265,0,0,9.328719097,0,0.867277354,6,2.106695096,0.224719101,0,0,0,350,58108.1584,0.194116579,3,3.315,1.32,321.36,13.18714,0,1,0,0,2,0,0,6,0,0,0,0,2,1,5,0,1,2,0,5,0,0,0,0,0,0,0,2,0,0,0,1,0,1,0,0,0,5,0,0,0,1,0,4,0,0,0,0,0,2,0,1,0,0,0,1,1,2,0,0,0,0,0,7,0,0,0,0,0,0,0,0,4,0,0,4,2,0,0,2,0,0,0,0,7,1,0,0,2,0,1,0,0,3,0,0,0,0,0,4,0,0,0,0,1134_1st,133,Bradley Woods,Red maple thickets and woodlands,13,13.89946481,medium,2011,Year_2,158,3782,6,491,6,85,95,85,20787,0,20787,2780009,12429,1.25,0,0,2.106695096,214.8085012
1135,MS,WetMesicRedMapleForest,0,0,56.32904698,7,37,34,0.429518671,0,0,22.64883434,0.012427073,0.149145382,201,1.771046022,0.108391608,1010,319.05,0.100705969,1320,33145.25053,0.117946791,4,6.175,5.6,242.62,12.47819,0,2,0,1,6,0,0,3,0,0,0,0,0,0,2,0,2,4,0,3,0,0,0,0,0,0,0,0,0,0,0,1,0,0,0,0,0,4,0,0,0,0,1,3,0,0,0,3,0,2,0,1,0,0,0,0,4,3,1,0,1,0,0,4,0,0,0,0,0,1,0,0,1,0,0,5,6,0,0,0,0,1,1,0,1,0,0,0,4,0,0,0,0,2,0,0,0,0,0,2,0,0,0,0,1135_1st,134,Mill Stream Run,Other-Declining White Pine Stand,53,24.37483032,medium,2011,Year_2,159,828,201,804,201,2,20,2,12861,2764,15624,3645170,10878,1.22,2528157,11042,1.771046022,242.1902678
1136,WC,WetMesicRedMapleForest,0,0,26.01224105,1,10,4,0.018674718,0,0,15.58845727,0.141242938,0.002824859,70,1.474683943,0.312169312,10,110.4,0.029651013,1120,34288.18939,0.170174873,1,0.52,15.68,243.2,9.37244,0,0,0,1,4,0,0,6,0,0,0,0,2,0,2,0,1,3,0,2,0,0,0,0,0,0,0,0,0,0,0,1,0,2,0,0,0,1,1,0,0,0,2,4,0,0,0,0,0,0,0,0,0,0,1,2,0,4,0,0,0,0,1,3,1,0,0,2,0,1,0,0,1,0,0,2,3,0,0,0,0,0,2,0,1,6,0,0,1,0,0,0,0,0,0,0,0,0,0,1,0,2,0,0,1136_1st,135,West Creek,Dry-Mesic Oak Forest and Woodland,25,17.29932561,very high,2010,Year_1,100,2875,70,NA,70,265,1,1,11387,3831,15218,536239,9971,1.61,0,0,1.474683943,234.3554672
1138,RR,BottomlandForest,0,0,11.37143278,3,35,20,0.275544893,0,0,11.32441717,0.002834226,0.75194853,13,1.134519848,0.003267974,0,0,0,950,6172.284167,0.111690662,0,41.925,0.57,38.02,15.14753,0,0,0,0,5,1,0,6,0,0,0,0,3,4,0,0,0,3,0,1,0,0,1,0,0,0,0,0,3,0,1,1,0,3,0,4,0,4,0,0,0,0,0,0,7,0,0,0,0,7,1,0,0,0,4,4,0,1,3,0,0,1,3,5,2,0,2,2,0,0,0,0,1,0,0,1,1,0,0,0,1,0,7,0,0,7,0,2,1,0,0,0,4,0,0,5,0,0,0,0,0,7,0,0,1138_1st,137,Rocky River,Young field (<5 years),16,7.937253933,medium,2011,Year_2,161,3614,13,548,13,99,99,99,7409,1895,9304,659619,5641,2.43,0,0,1.134519848,27.51475278
1140,NC,BeechMixedHardwoodHemlockForest,0,0,35.83492002,3,11,15,0.073373553,0.041006014,2,17.8,0.164024057,0.138873701,253,0.246525098,0.207207207,0,0,0,880,89719.48004,0.233054018,5,5.46,4.54,98.35,8.2693,0,2,0,0,0,0,0,0,0,0,0,0,0,0,1,0,1,0,0,0,0,0,0,0,0,0,0,0,0,0,0,0,0,0,0,0,0,0,0,0,0,0,0,2,0,0,0,0,0,0,0,0,0,0,0,0,0,0,0,0,0,0,0,2,0,0,0,0,0,0,0,0,0,0,0,2,2,0,0,0,1,0,0,0,0,0,0,0,2,0,0,0,0,0,0,0,0,0,0,0,0,0,0,0,1140_1st,139,North Chagrin,Beech-maple forest,47,22.98819573,medium low,2011,Year_2,163,16616,253,604,253,262,255,255,5583,1230,6813,1485834,5875,1.67,1026858,4909,0.246525098,308.2702033
1141,BR,RuderalWetMesicShrublandandThicket,0,0,19.77531941,7,12,15,0.017636339,0,2,11.83333333,0.018281164,0.862769393,188,0.926827403,0.416243655,60,576.05,0.066565239,50,7017.666667,0.050302288,1,77.09,1.39,23.93,14.36821,0,0,1,0,2,0,0,3,3,0,0,0,0,0,2,0,1,3,0,2,0,0,0,0,0,2,0,2,2,0,0,1,0,2,0,4,0,0,2,0,0,0,3,0,0,3,0,1,0,4,0,1,0,0,0,0,0,4,3,0,0,0,1,4,3,0,0,1,0,0,0,0,1,0,0,0,0,0,0,0,1,0,3,0,0,4,0,0,1,0,0,0,0,1,0,1,0,0,0,2,0,4,0,0,1141_1st,140,Brecksville,Cratategus shrub thicket,27,13.48073287,high,2011,Year_2,164,1390,188,387,188,321,444,321,5549,384,5932,543850,3152,1.39,261269,2299,0.926827403,232.1643028
1143,BE,WetMesicRedMapleForest,0,0,44.50672896,3,21,26,0.041070573,0,2,22.06211327,0.059209881,0.162827174,327,0.903053008,0.157894737,10,441.8,0.030227977,1080,70569.84722,0.15055221,4,1.885,10.94,9.47,6.98598,0,0,0,1,2,0,0,3,0,0,0,0,0,0,3,0,1,2,0,3,0,0,0,0,0,0,0,1,2,0,0,0,0,0,0,0,0,2,0,0,0,0,1,2,0,0,0,3,0,3,0,1,0,0,0,0,0,0,0,0,0,0,0,1,0,0,0,0,1,0,0,0,1,0,0,3,2,0,0,0,0,0,2,0,0,0,0,0,3,0,0,0,0,1,0,0,0,0,0,3,0,0,0,0,1143_1st,142,Bedford,"""MIXED"" FORESTS",57,26.30437226,medium high,2011,Year_2,166,3386,327,464,327,240,4,4,10139,8695,18834,1945098,13162,1.78,1238095,9912,0.903053008,444.6546928
1144,SC,BeechMixedHardwoodHemlockForest,0,0,50.73554735,7,29,36,0.123047799,0.243013366,3,24.27069564,0.052074293,0.270612741,117,0.41434157,0.046920821,540,233.33,0.062059951,1520,27234.26653,0.141447667,7,3.445,11.69,334.81,8.51737,0,1,0,1,1,0,0,1,0,0,0,0,0,0,2,0,0,0,0,2,0,0,0,0,0,0,0,1,0,0,0,0,0,1,0,0,0,0,2,0,0,1,0,1,0,0,0,0,0,0,0,0,0,0,0,0,2,0,0,0,0,0,0,2,0,0,0,0,0,0,0,0,0,0,0,0,2,0,0,0,0,0,0,0,2,1,0,0,1,0,0,0,0,2,0,0,0,0,0,0,0,0,0,0,1144_1st,143,South Chagrin,Beech-maple forest,77,30.89596424,medium high,2011,Year_2,167,6942,117,NA,117,107,67,67,9157,2161,11318,581089,6476,1.71,191617,3145,0.41434157,220.0294745
1145,NC,BeechMixedHardwoodHemlockForest,0,0,55.58896066,2,29,29,0.101839668,0.376281591,3,24.67545438,0.082348331,0.164566055,229,0.570527099,0.013245033,50,9.815,0.032200272,3025,87218.87828,0.21436791,3,2.73,25.94,35.05,5.72259,0,6,0,1,4,0,0,2,0,0,0,0,0,1,4,0,2,3,0,7,0,0,0,0,0,0,0,0,0,0,0,7,0,2,0,0,4,4,1,0,0,0,0,7,0,0,0,3,0,0,0,1,0,0,0,0,1,0,0,0,0,0,0,5,0,0,0,0,1,2,0,0,0,0,0,6,7,0,0,0,0,0,0,0,1,0,0,0,5,0,0,0,0,4,0,0,0,0,0,1,0,0,0,0,1145_1st,144,North Chagrin,Beech-maple forest,66,26.2446682,medium high,2011,Year_2,168,17124,229,212,212,359,25,25,11010,1830,12839,1917366,8952,1.68,1087039,6762,0.570527099,781.488612
1146,HI,SugarMapleMixedHardwoodForest,0,0,33.8597926,7,23,25,0.033679484,0,2,20.83333333,0,0.179257362,307,0.947930006,0.285714286,0,0,0,1080,39160.43113,0.141261539,4,3.51,8.84,142.96,11.57531,0,3,0,0,0,0,2,0,0,0,0,0,0,0,0,0,1,3,0,2,0,0,0,0,0,0,0,0,1,0,0,2,0,0,0,0,0,2,0,0,0,0,0,3,0,0,0,0,0,0,0,0,0,0,0,0,2,0,1,0,2,0,0,3,0,0,0,0,0,1,0,0,0,0,0,1,3,0,0,0,0,1,0,0,2,0,0,0,0,0,1,0,0,0,0,0,0,0,0,2,0,0,0,0,1146_1st,145,Hinckley,"""MIXED"" FORESTS",63,27.14285714,medium,2011,Year_2,169,318,307,568,307,284,120,120,23105,0,23105,4185661,12531,1.38,2877403,9218,0.947930006,600.4295497
1147,MS,BeechMixedHardwoodHemlockForest,0,0,35.4732695,3,12,14,0.037343173,0,1,18.37117307,0.057475582,0.114951165,562,0.316161231,0.094339623,40,7.852,0.068143436,710,33879.18139,0.133854617,3,1.755,0.55,301.58,13.44813,0,5,0,1,5,0,0,2,0,0,0,0,0,0,2,0,1,4,0,6,0,0,0,0,0,0,0,0,2,0,0,0,0,1,0,0,0,3,0,0,0,0,0,7,0,0,0,4,0,0,0,2,0,0,0,0,0,1,0,0,0,0,0,7,1,0,0,0,1,2,0,0,0,0,0,4,7,0,0,0,1,0,0,0,3,0,0,0,7,0,0,0,0,5,0,0,0,0,0,3,0,0,0,0,1147_1st,146,Mill Stream Run,Beech-red oak forest,61,20.65460973,medium high,2011,Year_2,170,828,562,452,452,98,101,98,12861,2764,15624,3645170,10878,1.22,2528157,11042,0.316161231,845.5161955
1148,EC,WetMesicRedMapleForest,0,0,11.94400542,0,19,10,0,0,0,12.24744871,0,0.644840822,26,2.988564764,0.162162162,100,3164.5,0.097373643,2220,36629.92647,0.146365747,0,3.77,19.47,53.32,9.56363,0,0,0,1,0,0,0,2,0,0,0,0,1,0,1,1,1,1,0,2,0,0,0,0,0,0,0,0,0,0,0,1,0,1,0,0,0,1,0,0,0,0,0,3,0,0,0,0,0,0,0,2,0,0,0,0,0,0,0,0,0,0,0,2,0,0,0,0,0,0,0,0,0,0,0,2,2,1,0,0,0,1,0,0,0,0,0,0,2,0,0,0,0,1,0,0,0,0,0,0,0,0,0,0,1148_1st,147,Euclid Creek,Mesic Floodplain Forest,40,15.2027958,low,2011,Year_2,171,16417,26,290,26,292,38,38,3790,3160,6950,79951,6386,4.27,0,0,2.988564764,48.80943342
1149,HI,SugarMapleMixedHardwoodForest,0,0,14.70588235,2,15,12,0.018796992,0,0,13.76195133,0,0.294117647,69,0.808974548,0.171171171,0,0,0,1740,38243.92556,0.182941817,2,2.665,5.29,57.22,12.77851,0,0,0,7,1,0,0,3,0,0,0,0,1,1,4,0,1,3,0,5,0,0,0,0,0,0,1,1,1,0,0,0,0,0,0,2,0,2,2,0,0,0,3,4,1,4,0,0,0,4,0,2,0,0,0,0,6,2,3,0,0,0,0,4,0,0,0,0,0,1,0,2,1,0,0,4,2,0,0,1,0,0,1,0,1,4,0,0,6,0,0,0,0,2,0,0,1,0,0,1,0,0,1,0,1149_1st,148,Hinckley,"""MIXED"" FORESTS",54,17.07211595,high,2011,Year_2,172,664,69,55,55,58,248,58,12373,3242,15615,2008135,8465,1.7,0,0,0.808974548,473.1204891
1150,RR,BeechMixedHardwoodHemlockForest,0,0,9.247076023,0,7,5,0.082101806,0,0,6.94879229,0,0.554824561,31,5.854093979,0.5625,0,0,0,610,57417.88079,0.157243483,1,2.145,18.43,37.39,7.23557,0,0,0,1,3,0,0,4,0,1,0,0,2,2,3,0,0,2,0,5,0,0,0,0,0,0,0,0,0,0,0,1,0,3,0,0,0,4,0,0,0,0,0,3,0,0,0,2,0,1,0,2,0,0,1,4,0,2,0,0,0,0,0,4,0,0,1,0,0,2,0,0,0,0,0,3,6,0,0,0,0,0,2,0,0,0,0,2,4,0,0,0,0,3,0,0,0,0,0,1,0,0,0,0,1150_1st,149,Rocky River,Beech-red oak forest,36,14.62059865,very high,2011,Year_2,173,10915,31,NA,31,119,142,119,4919,1049,5968,132832,4379,3.6,0,0,5.854093979,40.24313715
1151,MS,SugarMapleMixedHardwoodForest,0,0,19.09505167,3,12,10,0.004889769,0,1,15.6002699,0.004713276,0.358208955,277,0.218757336,0.118421053,0,0,0,1790,26670.55747,0.144766172,1,2.99,5.79,288.33,10.74836,0,1,0,2,2,0,0,1,0,0,0,0,0,0,1,0,0,0,0,3,0,0,0,0,0,0,0,0,2,0,0,1,0,0,0,0,0,1,0,0,0,0,0,3,0,0,0,2,0,1,0,1,0,0,0,0,0,1,0,0,0,0,0,2,0,0,0,0,0,0,0,0,0,0,0,3,3,0,0,0,0,0,0,0,2,0,0,0,2,0,0,0,0,0,0,0,1,0,0,0,0,0,0,0,1151_1st,150,Mill Stream Run,Sugar maple forest,46,20.98442646,high,2011,Year_2,174,828,277,1197,277,255,227,227,12861,2764,15624,3645170,10878,1.22,2528157,11042,0.218757336,487.7526674
1153,BR,BeechMixedHardwoodHemlockForest,0,0,51.91775019,2,27,29,0.027005131,0,3,24.01922307,0.149812734,0.200249688,132,0.226266301,0.103448276,0,0,0,920,87127.12542,0.327808494,6,5.59,20.02,122.72,7.0749,0,7,0,3,2,0,0,4,0,0,0,0,1,0,1,0,3,2,0,5,0,0,0,0,0,0,0,0,0,0,2,2,0,1,0,0,1,2,1,0,0,1,0,6,0,0,0,0,0,0,0,1,0,0,0,0,3,0,0,0,0,0,0,3,3,0,0,0,0,1,0,0,1,0,0,5,7,0,0,0,0,0,0,0,4,0,0,0,6,0,0,0,0,2,0,0,0,0,0,3,0,0,0,0,1153_1st,152,Brecksville,Beech-maple forest,63,24.27166324,medium,2011,Year_2,176,1044,132,595,132,102,203,102,8257,749,9006,1771071,6580,1.5,867314,4697,0.226266301,166.8489913
1154,RR,SugarMapleMixedHardwoodForest,0,0,45.73478204,0,21,21,0.788114978,0,0,16.53737732,0.021809062,0.052341748,88,5.71098678,0.022421525,1983.333333,1146.930833,0.173688658,216.6666667,42602.11743,0.112061161,4,6.89,9.24,351.63,8.21894,0,0,0,0,2,0,0,0,0,0,1,0,2,0,3,0,0,2,0,3,0,0,0,0,1,0,0,0,1,0,0,1,0,2,0,0,0,3,0,0,0,0,0,2,0,0,0,3,0,2,0,1,0,0,1,0,0,0,3,0,0,0,0,3,0,0,0,0,0,1,0,0,1,0,0,2,2,0,0,0,1,0,0,0,1,2,0,0,3,0,0,0,0,2,0,0,0,0,0,3,0,0,0,0,1154_1st,153,Rocky River,"""MIXED"" FORESTS",61,21.9120499,medium low,2011,Year_2,177,7973,88,436,88,144,482,144,8867,6281,15148,659950,9479,2.05,0,0,5.71098678,240.0408394
1155,BE,BeechMixedHardwoodHemlockForest,0,0,24.34521254,2,12,15,0.012861185,0,1,12.89415601,0,0.237440962,60,6.100470817,0.137254902,0,0,0,1390,55365.05885,0.179329505,3,7.28,6.73,267.41,11.67734,0,0,0,0,1,0,0,3,0,0,0,0,0,0,1,0,1,1,0,1,0,0,0,0,0,0,0,0,1,0,2,2,0,1,2,0,0,2,1,0,0,0,0,2,0,0,0,1,0,0,0,0,0,0,1,1,0,1,0,0,0,0,0,1,0,0,0,0,0,0,0,0,0,0,0,3,2,0,0,0,0,0,0,0,0,1,0,0,3,0,0,0,0,1,0,0,0,0,0,0,0,0,0,0,1155_1st,154,Bedford,"""MIXED"" FORESTS",47,19.60757871,very high,2011,Year_2,178,3409,60,NA,60,280,282,280,9049,0,9049,528551,7985,2.68,0,0,6.100470817,176.7590663
1156,NC,BottomlandForest,0,0,1.026588442,1,17,14,0.002620923,0.015892145,0,9.128709292,0,0.962865354,110,0.383782834,0.47826087,0,0,0,210,39991.08671,0.227808633,0,14.365,0.53,17.18,10.92745,0,0,0,0,1,0,0,2,0,0,1,0,1,0,1,0,2,3,0,3,0,0,0,0,0,0,0,1,1,0,0,0,0,0,1,0,0,3,1,1,0,0,0,3,1,0,0,1,0,3,0,1,0,0,0,0,0,1,2,0,0,0,0,3,0,0,0,0,0,0,0,0,0,0,0,1,1,0,0,0,0,0,2,0,0,2,0,0,2,0,0,0,3,1,0,0,0,0,0,0,0,1,0,0,1156_1st,155,North Chagrin,Cottonwood Forest,13,12.67105187,medium low,2011,Year_2,179,16339,110,NA,110,NA,NA,NA,2577,1009,3587,61395,1537,2.23,16202,522,0.383782834,146.9911034
1157,BR,OakMixedHardwoodForest,0,0,40.17811053,7,15,13,0,0,0,19.84313483,0.142510121,0.192442645,327,0.093464385,0.071770335,20,276.1,0.029585341,1690,41597.50848,0.14232775,2,3.38,1.11,98.61,9.55369,0,2,0,0,0,0,0,3,0,0,0,0,0,0,2,0,1,0,0,2,0,0,0,0,0,0,0,0,0,0,0,0,0,0,0,0,0,3,0,0,0,0,0,3,0,0,0,1,0,0,0,2,0,0,0,0,0,0,0,0,0,0,0,0,0,0,0,0,0,1,0,0,0,0,0,2,3,0,0,0,0,1,0,0,1,0,0,0,3,0,0,0,0,2,0,0,1,0,0,0,0,0,0,0,1157_1st,156,Brecksville,"""MIXED"" FORESTS",57,20.22107544,high,2011,Year_2,180,836,327,NA,327,NA,NA,NA,11366,6687,18053,1996689,8598,1.15,1442707,5815,0.093464385,459.2191696
1159,BE,WetMesicRedMapleForest,0,0,20.74535411,6,23,22,0.035237461,0,1,15.77627678,0.010911252,0.466861125,270,0.232355296,0.217777778,40,773,0.06211424,1000,30446.70622,0.142515501,3,5.655,2.56,4.09,11.63084,0,1,0,1,0,0,0,1,0,0,0,0,0,0,0,0,1,0,0,1,0,0,0,0,0,0,0,0,0,0,0,0,0,0,0,0,0,1,0,0,0,0,1,1,0,0,0,0,0,0,0,0,0,0,0,0,1,1,0,0,0,0,0,1,0,0,0,0,0,0,0,0,0,0,0,1,1,0,0,0,0,0,0,0,1,0,0,0,1,0,0,0,0,1,0,0,0,0,0,0,0,0,0,0,1159_1st,158,Bedford,"""MIXED"" FORESTS",36,16.95401417,high,2011,Year_2,182,3347,270,NA,270,238,89,89,8869,241,9110,767481,6503,1.63,322092,2502,0.232355296,386.2114345
1161,NC,WetMesicRedMapleForest,0,0,36.04471038,2,14,14,0.067941893,0.262827225,3,16.81941905,0.104712042,0.291623037,77,3.067666756,0.24,0,0,0,710,25739.00242,0.143824426,2,2.275,0.65,268.3,14.84758,0,5,0,4,6,0,0,2,0,0,0,0,0,0,6,0,5,1,0,1,0,0,0,0,0,0,0,2,0,0,0,2,0,0,1,3,0,2,1,0,0,0,0,3,0,1,0,0,0,0,0,1,0,0,0,0,0,1,5,0,0,0,0,2,0,0,0,0,0,2,0,0,0,0,0,1,7,0,0,0,0,0,0,0,1,7,0,0,6,0,0,0,0,5,0,1,0,0,0,0,0,0,1,0,1161_1st,160,North Chagrin,Red maple thickets and woodlands,33,17.34454765,medium,2011,Year_2,184,17067,77,1008,77,36,435,36,5155,0,5155,562002,4101,2.21,0,0,3.067666756,376.6698091
1162,HI,RuderalWetMesicShrublandandThicket,0,0,82.81881176,7,61,49,0.035382886,0,4,28.78150448,0.477399404,0.281107633,125,0.995699343,0.166666667,262.5,2866.321875,0.115027397,325,48346.58779,0.108502923,3,15.145,1.97,279.85,8.55029,0,2,0,3,1,0,0,0,0,0,0,0,0,1,1,0,0,1,0,1,0,0,0,0,0,0,0,0,0,0,1,1,0,0,0,3,0,1,0,0,0,0,1,3,0,0,0,1,0,1,0,0,0,0,0,0,2,0,2,0,0,0,0,3,1,0,0,0,0,2,0,0,0,0,0,1,3,0,0,0,0,0,0,0,0,3,0,0,2,0,0,0,0,2,0,0,0,0,0,2,0,1,0,0,1162_1st,161,Hinckley,Sedge seep (e.g. Carex bromoides),68,19.36731843,medium,2011,Year_2,185,335,125,362,125,96,192,96,12459,4223,16682,1813467,11535,1.38,1140957,7831,0.995699343,387.8174664
1164,GP,SugarMapleMixedHardwoodForest,0,0,10.65134973,2,23,16,0.000192052,0.025736505,0,12.80987991,0,0.601134838,88,6.27619581,0.061538462,0,0,0,675,104087.8761,0.102962632,0,6.045,12.42,53.91,8.83867,0,0,0,0,1,0,0,3,0,0,0,0,1,0,0,0,0,3,0,1,0,0,0,0,0,0,0,1,1,0,0,2,0,1,0,0,0,1,0,0,0,0,0,1,1,0,0,1,0,2,0,0,0,0,0,2,0,0,1,0,0,0,0,2,1,0,0,1,0,0,0,0,0,1,0,1,0,0,0,0,0,1,0,0,0,3,0,0,0,0,0,0,0,1,0,0,0,0,0,0,0,0,0,0,1164_1st,163,Garfield Park,Mesic Floodplain Forest,33,13.12784923,medium high,2011,Year_2,187,7676,88,143,88,14,30,14,3537,1676,5214,299826,3746,6.4,0,0,6.27619581,202.6213035
1166,RR,BottomlandForest,0,0,42.27169726,2,20,22,0.042553191,0,2,19.43854786,0.051948052,0.25974026,51,5.186895837,0.269230769,0,0,0,370,146586.033,0.219575157,3,7.475,1.75,298.54,9.42673,0,1,0,0,2,0,0,3,0,0,0,0,1,0,3,0,2,3,0,3,0,0,0,0,0,0,0,2,0,0,1,0,0,2,0,0,0,3,0,0,0,0,0,2,0,0,0,1,0,0,0,0,0,0,0,0,0,1,3,0,0,1,0,2,0,0,1,0,0,0,0,0,2,0,0,3,1,0,0,0,0,1,1,0,2,1,0,0,3,0,0,0,0,0,0,0,0,0,0,1,0,0,0,1,1166_1st,165,Rocky River,Cottonwood Forest,46,21.01903899,medium low,2011,Year_2,189,3772,51,1012,51,1014,943,943,5546,3266,8812,319384,5227,1.53,0,0,5.186895837,91.49454399
1167,MS,RuderalWetMesicShrublandandThicket,0,0,9.490986529,4,24,17,0.01026533,0,1,13.48399725,0.003714768,0.934935843,95,0.674824732,0.055016181,50,1164.625,0.059846355,400,19266.65906,0.105859852,2,25.545,2.05,51.8,10.42523,0,0,0,3,3,0,0,1,0,0,0,0,0,0,0,0,0,3,0,2,0,0,0,0,0,1,0,0,0,0,0,2,0,0,0,0,0,2,0,0,0,0,2,2,0,0,0,1,0,1,0,1,0,0,0,0,0,3,0,0,0,0,0,3,0,0,0,0,0,0,0,0,0,0,0,0,1,0,0,0,0,1,0,0,0,3,0,0,3,0,0,0,0,2,0,0,0,0,0,0,0,0,0,0,1167_1st,166,Mill Stream Run,Cratategus shrub thicket,47,15.125,medium,2011,Year_2,190,828,95,1416,95,346,283,283,12861,2764,15624,3645170,10878,1.22,0,0,0.674824732,260.6651826
1168,NC,BottomlandForest,0,0,32.13760962,2,25,25,0.005335752,0.265014428,0,16.13085693,0.005393598,0.545468029,116,0.656223867,0.046511628,25,4.9075,0.031656126,150,197824.3616,0.140693408,3,25.48,0.55,237.75,14.21972,0,0,0,0,1,0,0,2,0,0,0,0,1,0,2,1,1,1,0,0,0,0,0,0,0,0,0,2,2,0,0,0,0,0,0,0,0,2,0,0,0,0,0,0,0,0,1,0,0,3,0,0,0,0,0,0,0,1,2,0,0,0,0,3,0,0,0,0,0,0,0,0,1,0,0,1,3,0,0,0,0,0,1,0,0,3,0,0,2,0,0,0,2,1,0,0,0,0,0,1,0,3,0,0,1168_1st,167,North Chagrin,Sycamore Woodland,40,16.43656638,low,2011,Year_2,191,15716,116,NA,116,NA,NA,NA,5959,1066,7024,216369,3431,2.19,45533,1024,0.656223867,262.9050471
1169,BR,SugarMapleMixedHardwoodForest,0,0,35.62235732,5,24,27,0.016398371,0,2,19.9755406,0.045172219,0.339243365,94,1.743769053,0.277777778,0,0,0,960,34812.60444,0.154203154,4,6.565,30.69,179.85,7.9147,0,2,0,1,2,0,0,1,0,0,0,0,0,0,0,0,1,1,0,2,0,1,0,0,0,0,0,3,0,0,0,0,0,1,0,0,1,1,0,0,0,0,0,2,0,0,0,0,0,0,0,0,0,0,0,0,0,0,0,0,0,0,0,1,0,0,0,0,0,0,0,0,0,0,0,1,2,0,0,1,0,0,0,0,1,0,0,0,3,0,0,0,0,1,0,0,0,0,0,0,0,0,0,0,1169_1st,168,Brecksville,"""MIXED"" FORESTS",53,24.52889453,medium,2011,Year_2,192,2465,94,1339,94,423,22,22,6907,3043,9949,643893,6659,2.05,0,0,1.743769053,101.9324701
1171,BE,SugarMapleMixedHardwoodForest,0,0,32.41170324,2,21,26,0.099440948,0,1,18.49324201,0.094694479,0.31746324,143,3.213145386,0.164473684,266.6666667,1125.765833,0.046431179,1750,31932.83338,0.137832268,4,9.88,5.1,96.97,10.42718,0,1,0,0,0,0,0,3,0,0,0,0,2,0,2,0,0,3,0,2,0,0,0,0,0,0,0,1,0,0,0,0,0,1,0,3,0,3,0,0,0,0,0,3,0,0,0,0,0,2,0,0,0,0,0,0,0,0,0,0,0,0,0,3,0,0,0,1,0,0,0,0,0,0,0,3,1,0,0,0,0,0,3,0,0,3,1,0,3,0,0,0,1,1,0,0,0,0,0,3,1,0,0,0,1171_1st,170,Bedford,Mesic Floodplain Forest,67,27.24378609,medium,2011,Year_2,194,2169,143,NA,143,42,36,36,11148,2862,14011,939302,6219,1.65,368780,4479,3.213145386,338.1858176
1173,BR,RuderalWetMesicShrublandandThicket,0,0,4.982452393,1,32,21,0.002379272,0,3,13.07669683,0,0.927745079,44,0.492063074,0.120879121,0,0,0,587.5,24189.83453,0.125045614,1,19.175,3.75,8.31,12.96478,0,0,0,1,2,0,0,1,0,0,0,0,2,0,0,0,2,3,0,0,0,0,0,0,0,0,0,1,2,0,3,0,0,2,0,2,0,2,0,1,0,0,0,2,1,0,0,0,0,0,0,0,0,0,0,0,0,0,3,0,0,0,0,2,0,0,0,2,0,1,0,0,0,0,0,3,0,0,0,0,0,0,3,0,0,3,0,0,1,0,0,0,3,2,0,0,0,0,0,1,0,2,0,1,1173_1st,172,Brecksville,Mesic Floodplain Forest,47,17.66501151,medium low,2011,Year_2,196,2438,44,33,33,192,158,158,873,610,1482,45940,1342,3.12,0,0,0.492063074,40.33937091
1174,RR,WetMesicRedMapleForest,0,0,41.30601542,6,38,31,0.489649869,0,2,17.09479114,0.005153311,0.353001804,57,4.147615997,0.063492063,3670,720.421,0.244461964,720,27165.71234,0.149042498,4,10.595,4.01,295.69,8.94743,0,0,0,0,2,0,0,1,0,0,0,0,0,0,1,0,2,2,0,0,0,0,0,0,0,0,0,1,1,0,0,2,0,1,0,0,0,1,0,0,0,0,0,4,0,0,0,0,0,3,0,1,0,0,0,0,0,3,1,0,0,0,0,3,1,0,0,0,0,0,0,0,0,0,0,3,3,0,0,0,0,1,0,0,0,0,0,0,0,0,0,0,0,2,0,0,0,0,0,1,0,0,0,0,1174_1st,173,Rocky River,"""MIXED"" FORESTS",49,16.58312395,medium low,2011,Year_2,197,4664,57,55,55,77,38,38,10191,1773,11964,474886,9383,2.17,0,0,4.147615997,83.52327403
1175,BE,BeechMixedHardwoodHemlockForest,0,0,30.12996706,2,26,24,0.040219869,0,0,19.99024152,0.08783487,0.374176548,41,0.283520007,0.082568807,10,441.8,0.029719799,1870,38480.14566,0.17587728,8,4.875,5.12,318.13,12.85944,0,3,0,0,0,0,0,2,0,0,0,0,0,0,1,0,3,2,0,0,0,0,0,0,0,0,0,0,0,0,0,1,0,0,0,0,0,1,0,0,0,0,0,2,0,0,0,1,0,0,0,0,0,0,0,0,0,0,0,0,0,0,0,0,0,0,0,0,0,1,0,0,0,0,0,1,3,0,0,0,0,0,2,0,1,0,0,0,3,0,0,0,0,1,0,0,0,0,0,1,0,0,1,0,1175_1st,174,Bedford,Beech-maple forest,53,23.63356627,very high,2011,Year_2,198,3347,41,NA,41,45,364,45,8869,241,9110,767481,6503,1.63,0,0,0.283520007,114.3248835
1176,SC,BeechMixedHardwoodHemlockForest,0,0,62.55407265,5,22,26,0.033295512,0.040644206,4,27.66666667,0.134852631,0.049706159,173,0.286335525,0.082758621,30,74.25433333,0.030129472,1290,57261.37743,0.154208304,4,3.445,6.94,329.49,8.28476,0,4,0,2,2,0,0,2,0,0,0,0,0,0,6,0,1,3,0,4,0,0,0,0,0,0,0,0,0,0,0,0,0,0,0,0,2,5,0,0,0,0,0,6,0,0,0,3,0,0,0,1,0,0,0,0,6,1,1,0,0,0,0,5,0,0,0,0,0,0,0,0,1,0,0,2,5,0,0,0,0,0,0,0,3,0,0,0,5,0,0,0,0,1,0,0,0,1,0,2,0,0,0,0,1176_1st,175,South Chagrin,Beech-red oak forest,70,27,medium,2011,Year_2,199,9162,173,466,173,27,47,27,10222,0,10222,1149320,7522,1.62,482052,4999,0.286335525,257.8000678
1177,NC,RuderalWetMesicShrublandandThicket,0,0,4.260728654,1,21,16,0.020962268,0.01508717,1,11.6723281,0,0.735136343,160,0.336468954,0.036659878,0,0,0,1175,26617.73694,0.129248581,2,8.19,2.74,354.55,13.48675,0,0,0,0,1,0,0,3,0,0,0,0,0,0,2,0,1,1,0,0,0,0,0,0,0,0,0,1,1,0,0,0,0,0,0,3,0,0,0,0,0,0,0,3,0,0,0,1,0,2,0,0,0,0,0,0,0,0,1,0,0,0,0,2,0,0,0,0,0,0,0,0,0,0,0,2,0,0,0,0,0,0,1,0,0,3,0,1,3,0,0,0,1,0,0,2,0,0,0,0,0,3,0,0,1177_1st,176,North Chagrin,Atypical Upland Forest,29,13.57142857,low,2011,Year_2,200,17070,160,NA,160,17,6,6,2842,2300,5142,138658,1710,3.33,76970,1177,0.336468954,242.5254529
1178,BW,WetMesicRedMapleForest,0,0,48.01750703,5,15,20,0.043962485,0,3,23.1869216,0.100446429,0.067633929,26,0.623462079,0.094936709,210,74.83,0.049984018,1050,39423.30511,0.149777107,5,3.575,0.77,154.96,13.67583,0,5,0,0,1,0,0,7,0,0,0,0,0,0,2,0,0,3,0,5,0,0,0,0,0,0,0,0,1,0,6,2,0,0,0,0,0,6,0,0,0,1,0,7,0,0,0,2,0,0,0,1,0,0,0,2,0,3,1,0,0,0,0,3,1,0,0,0,0,1,0,0,2,1,0,3,7,0,0,1,0,0,0,0,2,0,0,0,3,0,0,0,0,4,0,0,0,0,0,6,0,0,0,0,1178_1st,177,Bradley Woods,Oak-Maple swamp,67,27.82804341,high,2011,Year_2,201,9822,26,NA,26,757,751,751,9409,0,9409,929300,6451,1.4,0,0,0.623462079,215.1384447
1179,MS,BottomlandForest,0,0,11.61428064,3,24,19,0,0,0,13.15218613,0.008879242,0.552959747,16,3.108252845,0.09352518,0,0,0,1900,31383.50227,0.162553395,2,21.97,1.19,4.12,13.99805,0,0,0,0,2,0,1,3,0,0,0,0,1,0,1,0,2,3,0,0,0,0,0,0,0,0,1,0,0,0,0,0,0,0,0,0,0,3,0,0,0,0,0,1,1,0,0,1,0,0,0,0,0,0,0,0,0,1,2,0,0,0,0,1,0,0,0,0,0,0,0,0,1,0,0,2,1,0,1,0,0,0,0,0,0,3,0,2,1,0,0,0,3,1,0,0,0,0,0,1,0,1,0,0,1179_1st,178,Mill Stream Run,Mesic Floodplain Forest,27,14.25140569,medium,2011,Year_2,202,2671,16,NA,16,NA,NA,NA,8899,0,8899,27836,892,3.24,0,0,3.108252845,49.15641931
1180,OE,WetMeadowandMarsh,0,0,2.587661907,4,13,13,0.003971564,0,0,9.449111825,0.005689253,0.923081299,61,8.499741845,0.062015504,0,0,0,275,208255.3899,0.180250523,1,2.925,2.24,293.6,12.23998,0,0,0,0,5,0,1,5,0,0,0,0,0,1,2,0,4,6,0,2,0,0,0,0,0,0,0,0,4,0,0,0,0,0,1,5,0,1,0,0,0,0,1,0,0,0,0,1,0,6,0,0,0,0,0,0,0,1,4,0,0,0,1,4,1,0,0,1,0,0,0,0,0,0,0,3,5,0,0,0,0,0,4,0,0,6,0,0,1,0,0,0,2,0,0,1,0,0,0,1,0,6,0,0,1180_1st,179,Ohio and Erie Canal,Old field (>10 years),36,11.84948338,high,2011,Year_2,203,7524,61,NA,61,NA,NA,NA,3057,3620,6677,254114,4155,5.13,0,0,8.499741845,489.2054161
1182,RR,OakMixedHardwoodForest,0,0,32.57497924,0,16,13,0.038387716,0,0,17,0.063511831,0.250311333,161,2.126990661,0.283185841,0,0,0,960,56803.63839,0.141501696,5,4.615,1.87,345.45,9.63619,0,7,0,0,6,0,0,5,0,0,0,0,1,0,5,0,4,3,0,2,0,0,0,1,0,0,0,2,1,0,0,2,0,0,0,0,0,2,0,0,0,1,0,6,0,0,0,3,0,0,0,3,0,0,0,0,0,0,1,0,0,0,0,6,0,0,0,0,0,1,0,0,2,0,0,4,7,0,0,1,0,1,1,0,1,1,0,0,3,0,0,0,0,3,0,0,0,0,0,4,0,0,1,0,1182_1st,181,Rocky River,"""MIXED"" FORESTS",43,18.70924141,high,2011,Year_2,205,9943,161,215,161,53,101,53,8624,0,8624,451709,7202,1.9,71024,1222,2.126990661,206.1396467
1183,SC,SugarMapleMixedHardwoodForest,0,0,15.47624359,2,16,11,0.025278662,0.080303368,0,10.25304833,0,0.526031675,30,2.220503139,0.212765957,0,0,0,770,59535.97482,0.215103566,1,4.095,4.98,196.76,7.83047,0,0,0,1,5,0,0,6,0,0,0,0,0,0,3,0,0,4,0,6,0,0,0,0,0,0,0,0,0,0,2,1,0,0,1,0,0,1,0,0,0,0,2,5,0,0,0,0,0,3,0,0,0,0,1,0,0,4,1,0,0,0,0,5,0,0,0,0,0,0,0,0,0,0,0,1,3,0,0,0,0,0,1,0,0,4,0,0,3,0,0,0,0,0,0,0,0,0,0,0,1,0,0,0,1183_1st,182,South Chagrin,"""MIXED"" FORESTS",33,14.5780943,high,2011,Year_2,206,10417,30,NA,30,NA,NA,NA,6839,0,6839,19586,784,5.41,0,0,2.220503139,57.47781469
1184,NC,WetMesicRedMapleForest,0,0,20.73279714,6,10,7,0.028764562,0.024859859,0,12.57884226,0,0.25591031,34,3.097569518,0.105485232,0,0,0,1080,67459.61036,0.192920797,2,8.515,0.41,1.43,14.85644,0,1,0,0,2,0,0,1,0,0,0,0,0,0,2,0,1,0,0,1,0,0,0,0,0,0,0,0,0,0,0,0,0,1,0,0,0,1,0,0,0,0,0,3,0,0,0,0,0,0,0,0,0,0,0,0,0,0,0,0,0,0,0,2,0,0,0,0,0,0,0,0,0,0,0,1,2,0,0,0,0,0,0,0,1,0,0,0,1,0,0,0,0,2,0,0,0,0,0,2,0,0,0,0,1184_1st,183,North Chagrin,Red maple thickets and woodlands,22,14.6,medium,2011,Year_2,207,17823,34,NA,34,51,433,51,2331,0,2331,175725,2030,2.34,0,0,3.097569518,125.2492274
1187,BE,WetMesicRedMapleForest,0,0,24.55203389,2,28,24,0.03589966,0,2,17.19570608,0.042464562,0.655167533,36,2.188166518,0.017953321,0,0,0,2120,51282.72746,0.167736124,2,8.385,2.71,35.33,10.37212,0,1,0,0,2,0,0,1,0,0,0,0,1,0,3,0,1,0,0,0,0,0,0,0,0,0,0,0,1,0,1,0,0,1,2,0,0,1,0,0,0,0,1,2,0,1,0,0,0,0,0,0,0,0,0,0,0,1,0,0,0,0,0,2,0,0,0,0,0,0,0,0,0,0,0,1,3,0,0,0,0,1,0,0,1,0,0,0,3,0,0,0,0,0,0,0,0,0,0,1,0,0,0,0,1187_1st,186,Bedford,Planted-White Pine,43,19.5025082,medium high,2011,Year_2,210,5783,36,NA,36,NA,NA,NA,3295,0,3295,97961,1530,2.45,0,0,2.188166518,63.85945202
1188,SC,WetMeadowandMarsh,0,0,11.68519104,1,22,11,0.076958201,0.343207639,1,9.170605214,0.001115216,0.934373844,75,0.288838881,0.020408163,0,0,0,50,552,0.039436292,2,82.94,0.09,191.62,12.20361,0,0,0,0,2,0,0,3,0,0,0,0,1,0,0,0,0,2,0,0,0,0,0,0,0,0,0,0,1,0,0,0,0,1,0,2,0,2,1,0,0,0,0,1,0,0,1,0,0,3,0,0,0,0,0,0,0,1,3,0,0,0,1,3,1,0,0,1,0,0,0,0,1,0,0,2,1,0,0,0,0,0,3,0,0,3,0,2,3,0,0,0,0,1,0,0,0,0,0,0,0,1,0,0,1188_1st,187,South Chagrin,Young field (<5 years),13,7.8,,2011,Year_2,211,7527,75,101,75,12,117,12,3467,2662,6129,417933,3758,2.39,0,0,0.288838881,129.858326
1189,BR,SugarMapleMixedHardwoodForest,0,0,69.50020462,12,49,59,0.002602653,0,7,31.04577951,0.089774282,0.265128035,285,0.281962873,0.188888889,60,1656.6,0.078990392,440,34598.08996,0.113372591,6,10.79,3.43,352.89,11.81039,0,2,0,0,2,0,0,4,0,0,0,0,2,0,2,0,2,2,0,2,0,3,0,0,0,0,0,3,0,0,0,0,0,1,0,1,0,2,0,0,0,0,2,3,0,0,0,1,0,0,0,0,0,0,0,0,3,3,0,0,0,0,2,2,2,0,0,0,0,0,0,0,0,0,0,3,2,0,0,0,0,1,0,0,1,3,0,0,2,0,2,0,0,2,0,0,0,0,0,3,0,0,0,0,1189_1st,188,Brecksville,Mesic Floodplain Forest,70,33.81126787,medium low,2011,Year_2,212,758,285,945,285,24,36,24,9445,9766,19211,2708700,9043,1.31,1937830,9532,0.281962873,358.3274186
1190,MS,BottomlandForest,0,0,21.6842615,5,26,29,0.031696678,0,0,16.42420123,0.032531408,0.77455734,11,0.647873751,0.166666667,16.66666667,3.271666667,0.030705163,266.6666667,18819.95883,0.073908433,3,46.735,7.82,254.63,13.7168,0,0,0,0,2,0,0,4,0,0,0,0,4,0,3,0,2,4,0,3,0,0,0,0,0,0,0,1,1,0,0,0,0,2,0,5,0,4,0,0,0,2,2,6,0,0,0,2,0,3,0,1,0,0,1,1,0,6,3,0,0,0,0,4,2,0,0,0,0,0,0,0,1,0,0,3,2,0,0,0,0,0,2,0,0,6,0,0,3,0,0,0,0,5,0,0,0,0,0,2,0,0,0,0,1190_1st,189,Mill Stream Run,Maple-Ash-Elm forest,40,21.91346618,medium,2011,Year_2,213,2032,11,330,11,173,145,145,3995,2392,6388,385155,4826,1.98,0,0,0.647873751,63.58650676
1191,BE,SugarMapleMixedHardwoodForest,0,0,37.18582197,5,24,26,0.038689709,0,2,20.73980557,0.046468401,0.364622057,107,1.33590056,0.059090909,50,773.1,0.060038,530,26099.79355,0.093728217,4,7.215,2.69,123.5,10.16076,1,5,0,5,6,0,0,4,0,1,0,0,0,0,5,0,4,2,0,5,0,0,0,0,0,0,0,0,0,0,0,3,0,0,0,0,0,2,0,0,0,0,1,8,0,0,0,2,0,0,0,0,0,0,0,1,0,3,0,0,0,0,0,5,1,0,0,0,0,2,0,0,0,1,0,4,7,0,0,0,0,0,0,0,3,1,0,0,2,0,0,0,0,4,0,0,0,0,0,2,1,0,0,0,1191_1st,190,Bedford,"""MIXED"" FORESTS",70,24.27119505,high,2011,Year_2,214,3386,107,532,107,100,22,22,10139,8695,18834,1945098,13162,1.78,1238095,9912,1.33590056,126.5192334
1192,SC,BeechMixedHardwoodHemlockForest,0,0,50.27912375,4,37,32,0.130415882,0.532611543,5,23.57667596,0.034925347,0.187985681,77,0.526227086,0.014150943,640,171.253,0.053044609,3080,127533.5511,0.225487053,3,5.2,20.16,173.31,8.53642,0,1,0,1,1,0,0,3,0,1,0,0,1,0,4,2,0,0,0,4,0,0,0,0,0,0,1,0,0,0,0,1,0,0,0,0,1,3,0,0,0,0,0,3,0,0,1,2,0,1,0,2,0,0,0,0,1,0,0,0,2,0,0,4,1,0,0,0,0,0,0,0,0,0,0,2,2,0,0,0,0,0,0,0,2,0,0,0,5,0,0,0,0,3,0,0,1,2,0,5,0,0,0,0,1192_1st,191,South Chagrin,Beech forest,67,28.29615047,high,2011,Year_2,215,9162,77,835,77,438,416,416,10222,0,10222,1149320,7522,1.62,0,0,0.526227086,233.6910944
1194,HI,WetMesicRedMapleForest,0,0,8.58133807,2,27,17,0.058152794,0,2,14.38836335,0,0.564371257,158,1.584246868,0.065868263,150,341.0325,0.045096705,1875,21783.72717,0.151791136,0,5.2,6.1,4.88,8.32483,0,1,0,0,1,0,0,1,0,0,0,0,0,0,3,0,0,1,0,1,0,0,0,0,0,0,0,1,1,0,0,0,0,0,0,0,0,0,0,0,0,0,2,2,0,0,0,0,0,2,0,0,0,0,0,0,3,0,3,0,0,0,0,3,0,0,0,0,0,0,0,0,2,0,0,1,3,0,0,0,0,1,0,0,0,0,0,0,2,0,0,0,0,1,0,0,0,0,0,2,0,0,0,0,1194_1st,193,Hinckley,Grapevine Tangle,40,17.70569189,low,2011,Year_2,217,318,158,153,153,19,83,19,23105,0,23105,4185661,12531,1.38,2877403,9218,1.584246868,290.7547876
1195,HU,WetMesicRedMapleForest,0,0,6.752597399,3,30,24,0.008686462,0,0,14.29382499,0,0.829813786,22,2.685249182,0.047272727,0,0,0,4075,26441.90347,0.115893195,5,5.395,7.15,310.72,13.64286,0,0,0,6,6,0,0,4,0,0,0,0,2,0,4,0,4,4,0,2,0,0,0,0,0,0,0,1,1,0,1,2,0,1,0,0,0,2,0,0,0,0,0,3,0,0,0,1,0,0,0,1,0,0,0,0,0,0,0,0,0,1,0,6,0,0,2,0,0,0,0,0,0,0,0,3,6,0,0,0,0,2,0,0,0,1,0,0,5,1,0,0,0,2,0,0,0,0,0,0,0,0,0,0,1195_1st,194,Huntington,Mesic Floodplain Forest,53,17.66501151,low,2011,Year_2,218,11374,22,131,22,115,91,91,1660,511,2171,24995,853,5.08,0,0,2.685249182,45.9987722
1196,BE,WetMesicRedMapleForest,0,0,23.57711889,6,34,29,0.036056609,0,0,16.01606337,0.054861657,0.656017409,74,6.398455821,0.144067797,0,0,0,1075,58210.10224,0.16908285,3,7.995,1.96,344.11,10.71131,0,0,0,1,7,0,0,8,0,0,0,0,1,3,1,0,0,3,0,2,0,0,0,0,0,0,3,1,3,0,5,2,0,3,0,0,0,2,0,2,0,0,0,5,1,0,1,0,0,0,0,0,0,0,0,0,0,3,0,1,0,0,2,5,2,0,0,1,0,0,0,0,1,6,0,3,3,0,0,0,0,0,7,0,2,7,0,3,4,0,0,0,5,0,0,0,0,0,0,0,0,0,0,0,1196_1st,195,Bedford,"""MIXED"" FORESTS",28,12.70170592,high,2011,Year_2,219,2936,74,0,0,588,771,588,8175,241,8416,958260,4891,6.12,0,0,6.398455821,124.0711508
1197,HI,BeechMixedHardwoodHemlockForest,0,0,58.71890277,1,27,34,0.081703055,0,4,26.23156949,0.092109303,0.139085048,481,0.285872742,0.049180328,200,83.434,0.077510825,2240,47436.36458,0.22114726,8,3.965,5.65,34.73,8.03554,0,3,0,1,2,0,1,0,0,0,0,0,0,0,1,0,1,1,0,0,0,1,0,0,0,0,0,0,0,0,0,2,0,0,0,0,1,1,0,0,0,0,0,3,0,0,0,0,0,0,0,0,0,0,0,0,2,0,0,0,1,0,0,2,0,0,0,0,3,2,0,0,0,0,0,2,3,0,0,0,0,0,0,0,3,0,0,0,2,0,0,0,0,2,0,0,0,0,0,2,0,0,1,0,1197_1st,196,Hinckley,Beech-maple forest,66,33.67491648,medium low,2011,Year_2,220,318,481,580,481,19,1,1,23105,0,23105,4185661,12531,1.38,2877403,9218,0.285872742,932.7822795
1198,BW,WetMesicRedMapleForest,0,0,9.57100902,3,19,11,0.439154786,0,0,10.22415441,0,0.763373191,12,1.833621704,0.12992126,0,0,0,1730,60509.10569,0.204404343,2,6.63,0.38,282.62,13.1137,0,0,0,1,3,0,0,3,0,0,0,0,0,0,2,0,0,1,0,2,0,0,0,0,0,0,0,0,0,0,0,1,0,0,0,0,0,3,0,0,0,0,0,3,0,0,0,0,0,1,0,0,0,0,0,1,0,1,0,0,0,0,0,4,0,0,0,0,0,1,0,0,0,0,0,2,3,0,0,0,0,0,0,0,0,3,0,0,3,0,0,0,0,1,0,0,0,0,0,1,0,0,0,0,1198_1st,197,Bradley Woods,Pin oak flats,23,15.54310893,medium high,2011,Year_2,221,8241,12,NA,12,NA,NA,NA,1570,0,1570,37081,1369,2.25,0,0,1.833621704,142.4673748
1199,MS,SugarMapleMixedHardwoodForest,0,0,68.02811543,8,27,32,0.089454067,0,2,24.91769059,0.279594541,0.179143236,338,0.164016172,0.323809524,10,1.963,0.030954685,860,20503.67467,0.113043839,4,4.615,11.04,94.48,11.52017,0,3,0,0,1,0,0,3,0,0,0,0,0,0,1,0,0,0,0,2,0,0,0,0,0,0,0,0,1,0,0,0,0,0,0,0,0,3,0,0,0,0,0,3,0,0,0,0,0,0,0,1,0,0,0,0,0,2,1,0,0,0,0,1,0,0,0,0,0,0,0,0,0,0,0,3,3,0,0,1,0,0,0,0,2,1,0,0,2,0,0,0,0,1,0,0,0,0,0,0,0,0,0,0,1199_1st,198,Mill Stream Run,Mesic Floodplain Forest,59,28,medium high,2011,Year_2,222,828,338,962,338,79,74,74,12861,2764,15624,3645170,10878,1.22,2528157,11042,0.164016172,542.5638674
1200,BK,BeechMixedHardwoodHemlockForest,0,0,39.59293227,1,9,9,0.167054038,0,0,15.37707857,0.489457831,0.001129518,100,5.860663612,0.155555556,800,2055.553333,0.115667831,1130,44035.19043,0.215462108,1,5.2,23.1,323.3,6.19923,0,0,0,1,3,0,0,6,0,0,0,0,0,0,1,0,3,4,0,1,0,0,0,0,0,0,1,0,3,0,2,4,0,0,0,0,0,2,0,0,0,1,0,1,1,0,0,1,0,0,0,1,0,0,1,6,0,5,1,0,0,0,0,3,0,1,0,0,0,0,0,0,0,0,0,3,6,0,0,0,1,1,0,0,1,0,0,0,4,1,0,0,0,2,0,0,0,0,0,1,0,0,0,0,1200_1st,199,Brookside,Beech-red oak forest,50,19.42139223,low,2011,Year_2,223,6982,100,27,27,NA,NA,NA,4045,249,4295,322064,2388,5.74,0,0,5.860663612,111.2577486
1257,NC,BeechMixedHardwoodHemlockForest,0,0,36.30952381,1,14,12,0.075,0.047619048,2,21.05995582,0.19047619,0.238095238,175,0.453042043,0.188888889,0,0,0,1383.333333,114779.3038,0.285088806,4,0.52,27.49,302.81,6.25557,0,2,0,3,2,0,0,1,0,0,0,0,1,0,3,0,2,1,0,2,0,0,0,0,0,1,0,0,0,0,0,0,0,0,0,0,1,2,0,0,0,1,0,3,0,0,1,1,0,1,0,0,0,0,0,0,2,1,1,0,0,0,0,3,1,0,0,0,0,0,0,0,0,0,0,2,1,0,0,0,1,0,1,0,2,2,0,0,2,0,0,0,0,2,0,0,0,0,0,2,0,1,0,0,1257_1st,256,North Chagrin,"""MIXED"" FORESTS",33,18.70828693,medium high,2012,Year_3,299,17124,175,435,175,554,294,294,11010,1830,12839,1917366,8952,1.68,1087039,6762,0.453042043,384.7228584
3980,WA,WetMeadowandMarsh,0,0,0,0,0,0,0,0,0,0,0,0,0,0,0,0,0,0,0,0,0,0,0,1.95,25.93,14.38527,0,0,0,0,0,0,0,6,0,0,0,0,3,0,2,0,1,4,0,2,0,0,0,0,0,0,0,0,4,0,2,3,0,1,0,0,0,5,0,0,0,0,0,0,4,0,0,0,0,4,0,0,0,0,2,5,0,1,0,0,0,0,0,3,0,0,0,1,0,0,0,0,0,0,0,1,0,0,0,0,0,0,1,0,0,2,0,0,0,0,0,0,4,0,0,0,0,0,0,0,0,1,0,0,3980_1st,476,Washington,Cottonwood Thickets and Woodland,20,8.292279829,,2010,Year_1,124,21145,26,0,0,NA,NA,NA,5738,0,5738,118897,4820,7.16,0,0,9.727384429,60.23823568
